FactoryName;Factory Type;Product Type Type;Nike, Inc. Brand(s);Events;Supplier Group;Address;City;State;PostalCode;Country;Region;Total Workers;Line Workers;% Female Workers;% Migrant Workers
Fjord, Ltd.;FINISHED GOODS;Apparel;Nike;;TEGRA;3099 N Pacific Highway Suite 100;Woodburn;Oregon;97071;USA;AMERICAS;114;98;95;0
KURIM VIETNAM CO., LTD;MATERIALS;Footwear;Nike;;KURIM;LOT C2 5;Binh Duong;Bình Duong;75100;Vietnam;SE ASIA;386;286;0;0
KKN Apparel Co.,ltd;FINISHED GOODS;Apparel;Nike;Collegiate;NICE APPAREL;KKSEZ Neangkok Paklong Commune  Modulsiem Koh Kong  Cambodia;Koh Kong;Kaoh Kong;09401;Cambodia;SE ASIA;7769;6974;62;0
Top Summit Garment Inc;FINISHED GOODS;Apparel;Nike;Collegiate;SABRINA;National Rd No 4;Kandal;Kandaal;315000;Cambodia;SE ASIA;6030;4229;91;0
HESHENG CO., LTD.;FINISHED GOODS;Equipment;Nike;Collegiate;HESHENG;Lot G14 Que Vo Industrial Park expansion;Bac Ninh;Bc Ninh;16852;Vietnam;SE ASIA;62;58;55;3
Shoetown Lei Zhou Footwear Co., Ltd;FINISHED GOODS - COMPONENTS;Footwear;Nike;Collegiate;SHOETOWN;Lei Nan street;Zhan Jiang City;Guangdong;524200;China;N ASIA;283;251;96;0
Hi-Tech Viet Nam Apparel Co.,Ltd.;FINISHED GOODS;Apparel;Nike;;HI TECH;Block A3.2, Tay An Industrial Zone, Duy Trung Commune;Duy Xuyen District;Qung Nam;560000;Vietnam;SE ASIA;1692;1677;84;0
SHCA GARMENT (CAMBODIA) CO., LTD;FINISHED GOODS;Apparel;Nike;;SHCA GARMENT;Prey Sala Village Roleang Kreul Commune;Samraong Tong ;Kampong Spueu;050106;Cambodia;SE ASIA;543;523;0;2
Longchuan Somona Footwear Co.,Ltd Wuhua Branch;FINISHED GOODS - COMPONENTS;Footwear;Nike;Collegiate;STELLA;Shuizhai Industry Garden;Meizhou;Guangdong;514400;China;N ASIA;882;828;92;0
FORMOSA TING SHO ENT CO LTD (TAIWAN);MATERIALS;Footwear;Nike;;FORMOSA TING SHO;NO 37 SEC 2 ZHONGSHAN RD DACUN;Changhua;Changhua;515;Taiwan;N ASIA;75;20;65;55
B'LAO SPORT COMPANY LIMITED;FINISHED GOODS;Apparel;Nike;;BLAO SPORT;Lot CN 37B Zone C Phong Dien Industrial Zone Phong Dien Ward;Hue;Tha Thiên-Hu;530000;Vietnam;SE ASIA;445;397;0;0
C&W Embroidery, Inc.;FINISHED GOODS;Apparel;Nike;;C&W;386 Hwy 356;Rienzi;Mississippi;38865;USA;AMERICAS;150;110;80;0
SADESA THAILAND Sena;MATERIALS;Footwear;Nike;;SADESA;89 Moo 11 Samkok sena Road;Ayutthaya;Phra Nakhon Si Ayu;13110;Thailand;SE ASIA;574;401;17;0
YSA  MOL;FINISHED GOODS;Apparel;Nike;;YESIM;STR CEBANOV 3a;TARAKLIA;Gagauzia-- Unitate;7402;Moldova;EMEA;392;313;95;0
Long Fa Shoes Industrial Huizhou Co., Ltd.;FINISHED GOODS;Footwear;Nike;Collegiate;DEAN SHOES;LONGTING INDUS. PARK, LONGXI TOWN, BOLUO COUNTY;Huizhou;Guangdong;516121;China;N ASIA;5317;4011;57;0
C.C. Creations;FINISHED GOODS;Apparel;Nike;Collegiate;CC CREATIONS;619 Capitol Pkwy;Bryan;Texas;77807;USA;AMERICAS;282;243;57;0
TNG INVESTMENT AND TRADING JSC - DONG HY GARMENT;FINISHED GOODS;Apparel;Nike;;TNG;Ngoi Cheo Hamlet Nam Hoa Commune ;Thai Nguyen City;Thái Nguyên;25000;Vietnam;SE ASIA;1431;1290;75;0
PT.BERKAH KARYA JAYA SENTOSA;FINISHED GOODS;Apparel;Nike;Collegiate;PT.BERKAH KARYA;KIC Gatot Subroto St block 8F no 07 Ngaliyan;Semarang;Jawa Tengah;50181;Indonesia;S ASIA;132;105;45;0
DONGJIN TEXTILE DYEING HOUSE;FINISHED GOODS - COMPONENTS;Footwear;Nike;;DONGJIN;#16-13 SINSANRO, SA-HA GU, BUSAN, KOREA;SA-HA GU, BUSAN;Busan Gwangyeogsi;49432;South Korea;N ASIA;42;39;16;23
Nan Yang Garment Co., Ltd.;FINISHED GOODS;Apparel;Nike;Collegiate;NAN YANG;99 1 Moo 4 Banna;Wachirabaramee;Phichit;66140;Thailand;SE ASIA;2463;2120;76;18
ELITE APPARATECH LLC;FINISHED GOODS;Apparel;Nike;;ELITE APPARATECH;Street No 5 Long Khanh Industrial Zone;Long Khanh City;Ðng Nai;76000;Vietnam;SE ASIA;1003;779;0;0
PT. Formosa Bag Indonesia;FINISHED GOODS;Equipment;Nike;;FORMOSA;Jl Raya Semarang Puwodadi Km 26 Gebangan Tegowanu;Grobogan;Jawa Tengah;58165;Indonesia;S ASIA;5865;5191;81;1
SNP CO.,LTD.;FINISHED GOODS;Apparel;Nike;;SPORTS CITY;11F., No.585, Ruiguang Rd.;Taipei City;Bình Duong;11492;Vietnam;SE ASIA;2780;2456;90;0
K-L MFG. CO., INC.;FINISHED GOODS;Apparel;Nike;Collegiate;K&L MANUFACTURING;2438 North Ruby Street;Spokane;Washington;99207;USA;AMERICAS;98;92;61;0
Dongguan Stella Footwear Product Creation Co., LTD.;FINISHED GOODS;Footwear;Nike;Collegiate;STELLA;Hou Da Road Da Ling Management District;Dongguan;Guangdong;523835;China;N ASIA;457;290;55;0
MAXPORT LIMITED VIET NAM _ NAM DINH BRANCH MAXPORT 06;FINISHED GOODS;Apparel;Nike;Collegiate;MAXPORT;No 361 Nguyen Van Troi;Nam Dinh;Nam Ðnh;42000;Vietnam;SE ASIA;443;408;87;0
Haiyan Golden Gate Socks Industry Co., Ltd;FINISHED GOODS;Equipment;Nike;;HAIYAN;No 15 Zhangqiao Village;Haiyan;Zhejiang;314300;China;N ASIA;70;52;52;0
Blue Star Graphics;FINISHED GOODS;Apparel;Nike;;BLUE STAR;15825 Gateway Drive;Frisco;Texas;75033;USA;AMERICAS;45;41;65;0
Germton Development Company Limited;FINISHED GOODS;Apparel;Nike;;GERMTON DEVELOPMENT;Doi 30 Industrial Clusters ;Phu Ninh District;Qung Nam;52706;Vietnam;SE ASIA;495;457;0;0
SHAHI EXPORTS PVT LTD, UNIT 37;FINISHED GOODS;Apparel;Nike;;SHAHI;SY NO  256 P 252 P AND 96 P;MYSORE;Karnataka;570018;India;S ASIA;1863;1827;89;0
PT. POU YUEN INDONESIA;FINISHED GOODS;Footwear;Nike;;POU CHEN;JALAN RAYA CIANJUR BANDUNG KM7, KAMPUNG LEMBUR SAWAH;CIANJUR;Jawa Barat;43284;Indonesia;S ASIA;12122;9959;57;0
PT. Glorystar Wisesa;FINISHED GOODS;Apparel;Nike;;GLORYSTAR WISESA;Jl Raya Cirebon Bandung Paningkiran Sumberjaya;Majalengka;Jawa Barat;45455;Indonesia;S ASIA;585;541;95;0
Bharath (INDIA);FINISHED GOODS - COMPONENTS;Footwear;Nike;Collegiate;BHARATH;No 11 1G;Ranipet;Tamil Nadu;632401;India;S ASIA;31;24;0;0
Long Chuan Simona Footwear Co. Ltd;FINISHED GOODS;Footwear;Nike;Collegiate;STELLA;Xin cheng Long Chuan;HeYuan;Guangdong;517300;China;N ASIA;4537;3848;87;0
Cassia Garment Company Limited;FINISHED GOODS;Apparel;Nike;;RAMATEX;287 289 Suksawad 30 Suksawad Road Bangpakok;Rathjaburana;Bangkok;10140;Thailand;SE ASIA;764;638;64;91
Iruna Comunicacion Textil - SERISUR;FINISHED GOODS;Apparel;Nike;;IRUNA;Poligono Industrial La Rosa V;Chauchina-Granada;Andalucía;18330;Spain;EMEA;16;13;50;0
Minone Enterprises Co Ltd;FINISHED GOODS;Equipment;Nike;;MINONE;253 MOO 6 NONGBOT SUBDISTRICT;NANGRONG;Buri Ram;31110;Thailand;SE ASIA;483;439;77;0
MAS FABRICS (PRIVATE) LIMITED – INTIMO DIVISION;MATERIALS;Apparel;Nike;;MAS HOLDINGS;MAS Fabric Park;Thulhiriya;Kurunegala;71610;Sri Lanka;S ASIA;1271;1188;21;0
TUNTEX SOC TRANG VIETNAM CO.LTD;FINISHED GOODS;Apparel;Nike;Collegiate;TUNTEX;Lot H  An Nghiep Industrial Zone  An Ninh Commune;Can Tho;Sóc Trang;94000;Vietnam;SE ASIA;1897;1446;88;1
TEIJIN CORDLEY LTD (TAIWAN OKAHATA CO LTD) (JAPAN);MATERIALS;Footwear;Nike;;TEIJIN CORDLEY;1 446 NAGAHISA NAGAHISA CHO OHDA;Shimane;Simane;693-0007;Japan;N ASIA;183;160;30;0
PT. TKG TAEKWANG INDONESIA;FINISHED GOODS;Footwear;Nike;;TAEKWANG;Belendung II RT 17 RW 06;Belendung, Cibogo;Jawa Barat;41285;Indonesia;S ASIA;26020;23224;87;0
Universal Sporting Goods (Thai) Co., Ltd.;FINISHED GOODS;Apparel;Nike;;UNIVERSAL;91 Moo 1 Petchakasern Rd Soi Wattheintad T Banmai;samphan;Nakhon Pathom;73110;Thailand;SE ASIA;457;419;79;42
VIETNAM CHINGLUH SHOES CO.,LTD - VINH LONG BRANCH II;FINISHED GOODS;Footwear;Nike;;CHING LUH;HOA PHU INDUSTRIAL PARK;LONG HO DISTRICT;Vinh Long;890000;Vietnam;SE ASIA;693;494;45;0
M.I.I.T. CO., LTD;FINISHED GOODS;Apparel;Nike;;M.I.I.T. CO;30 9 Moo 1;Mueang Samutsakhon;Samut Sakhon;74000;Thailand;SE ASIA;393;315;72;96
M S STYLE TEXTILE (PVT.) LIMITED (SUNDER) - unit VI;FINISHED GOODS;Apparel;Nike;;STYLE TEXTILE;PLOT NO 143 to 146 and 151 to 155;Lahore;Punjab;53801;Pakistan;S ASIA;4131;3988;15;0
ARTFX INC.;FINISHED GOODS;Apparel;Nike;;TEGRA;3801 E Princess Anne Rd.;Norfolk;Virginia;23502;USA;AMERICAS;308;261;38;0
VIET THINH GARMENT JOINT STOCK COMPANY;FINISHED GOODS;Apparel;Nike;Collegiate;SOUTH ISLAND;58 Thoai Ngoc Hau street;HO CHI MINH;Ho Chi Minh;84;Vietnam;SE ASIA;1625;1345;77;0
MING YANG INDUSTRY (CAMBODIA) CO., LTD;FINISHED GOODS;Equipment;Nike;;MINGYANG; Kong Pisei District Kampong Speu Province;Phnom Penh;Kampong Spueu;050311;Cambodia;SE ASIA;670;623;0;2
PT. Feng Tay Indonesia Enterprises;FINISHED GOODS;Footwear;Nike;;FENG TAY;Jl Raya Banjaran Km 14 6;Bandung;Jawa Barat;40376;Indonesia;S ASIA;14311;12238;64;0
Nantong Golden Yuelai Gym Equipment Co., Ltd;FINISHED GOODS;Equipment;Nike;;NANTONG GOLDEN; No 76 Xincheng Road;Haimen;Jiangsu;226131;China;N ASIA;171;115;34;0
Haivina Co., Ltd.;FINISHED GOODS;Equipment;Nike;;HAIVINA;Lang Xuyen village;Hai Duong province;Hi Duong;170000;Vietnam;SE ASIA;2353;2097;96;0
Hoosier Manufacturing - HM4;FINISHED GOODS;Apparel;Nike;Collegiate;INDIANA KNITWEAR;Km 28 and 5 Carretera al Pacifico;Bodegas GC;Guatemala;01063;Guatemala;AMERICAS;854;815;60;1
FASHION GARMENTS 2 CO., LTD. - TAN PHU BRANCH;FINISHED GOODS;Apparel;Nike;;FASHION GARMENTS;Tan Phu Industrial Zone Tan Phu District;Tan Phu district;Ðng Nai;76800;Vietnam;SE ASIA;3137;2751;80;0
ANNIC II S.A.;FINISHED GOODS;Apparel;Nike;Collegiate;GILDAN;Las Palmeras Industrial Park;Masatepe;Managua;42600;Nicaragua;AMERICAS;7769;7688;57;0
FASHION GARMENTS 2 CO., LTD;FINISHED GOODS;Apparel;Nike;;HIRDARAMANI;Lot 4, Road 13A, Bien Hoa Industrial Zone 2, Long Binh Ward;Bien Hoa;Ðng Nai;810000;Vietnam;SE ASIA;1832;1676;85;0
PT. Grand Best Indonesia;FINISHED GOODS;Apparel;Nike;Collegiate;TUNTEX;Jl Coaster No 8 Blok B 18 19 20 21 22;SEMARANG;Jawa Tengah;50174;Indonesia;S ASIA;1591;1458;94;0
ENPING E-MART ENTERPRISE CO., LTD.,;MATERIALS;Footwear;Nike;;COSMOPOLITAN TEXTILE;Liu Jia Song Industrial Park Dahuai Town;Enping City;Guangdong;529467;China;N ASIA;116;92;0;0
Chang Tai Song Lin Woven Belt Co. LTD;MATERIALS;Apparel;Nike;;CHI YANG RIBBON;Xin Tai Industrial Zone;Zhang Zhou;Fujian;363900;China;N ASIA;115;102;70;0
SHAN BEEN JEOU INDUSTRIAL CO LTD (TAIWAN);MATERIALS;Footwear;Nike;;SHAN BEEN;NO 60 LANE 132 SHA TIAN ROAD SECTION 2 DA DU DISTRICT;Taichung;Taichung;43244;Taiwan;N ASIA;91;66;53;36
YKK VIETNAM CO., LTD;MATERIALS;Apparel;Nike;;YKK;Lot 10 N2 Road Nhon Trach III Industrial Zone  Phase 2;Nhon Trach;Ðng Nai;810000;Vietnam;SE ASIA;2059;1892;1;0
Qingdao Qien Sporting Goods Co.,Ltd;FINISHED GOODS;Equipment;Nike;;QINGDAO QIEN;Number 8 Yanghui Road;Qingdao;Shandong;266232;China;N ASIA;32;21;19;0
YieChang Industrial Co., Ltd.;FINISHED GOODS;Equipment;Nike;Collegiate;YIECHONG;No 389 Shuiyuan Rd  Fengyuan Dist;Taichung;Taichung;420076;Taiwan;N ASIA;16;12;70;0
GOLD LONG JOHN (INDONESIA);FINISHED GOODS - COMPONENTS;Footwear;Nike;;GOLD LONG JOHN;Jl Raya Batujajar KM 3 5 desa giriasih;Kecamatan Batujajar;Jawa Barat;40561;Indonesia;S ASIA;400;184;10;4
Skytex Mexico S.A de C.V.;MATERIALS;Apparel;Nike;;SABRINA;Calle Parque Industrial Manzana J y K;Huejotzingo;Puebla;74160;Mexico;AMERICAS;1600;1400;0;0
PT. Gelindo Garmentama;FINISHED GOODS;Apparel;Nike;;EAGLE NICE;Jalan Cangkuang Kulon No 38;Bandung;Jawa Barat;40239;Indonesia;S ASIA;2109;1872;55;0
RS/Tupa Ind. De Plastico Ltda;FINISHED GOODS - COMPONENTS;Footwear;Nike;;RS TUPA INDUSTRIA DE PLASTICOS;Rua Ivo Johann, 10;Novo Hamburgo;Rio Grande do Sul;93546640;Brazil;AMERICAS;175;127;73;0
Chuzhou Korrun Future Luggage Products Co., Ltd;FINISHED GOODS;Equipment;Nike;;FORMOSA;1 Building  No 708 Huizhou North Road;Chuzhou;Anhui;239000;China;N ASIA;627;525;65;0
Pro Kingtex Vietnam Co., Ltd;FINISHED GOODS;Apparel;Nike;;EAGLE NICE;D10/89 Q National High Way 1A Tan Tao Ward Binh Tan District;HO CHI MINH CITY;Ho Chi Minh;700000;Vietnam;SE ASIA;2037;1979;83;1
Nan Yang Garment;FINISHED GOODS;Apparel;Nike;Collegiate;NAN YANG;37 Moo 5 Ladyao Banrai Rd;Ladyao Nakhonsawan;Nakhon Sawan;60150;Thailand;SE ASIA;1201;1010;78;0
PT Batang Apparel Indonesia;FINISHED GOODS;Apparel;Nike;;ONTIDE;Nanom Desa Wringin Gintung Kecamatan;Batang;Jawa Tengah;51261;Indonesia;S ASIA;2603;2549;84;0
BAIKSAN (CHINA);MATERIALS;Footwear;Nike;;BAIKSAN;No 1 Zhenxing Road;Dongguan;Guangdong;523950;China;N ASIA;184;143;30;0
R. A. INTERTRADING S. A.;FINISHED GOODS;Apparel;Nike;;RA INTERTRADING;JOSE IGNACIO RUCCI 3951;CAPITAL FEDERAL;Buenos Aires;C1439FVQ;Argentina;AMERICAS;810;700;45;60
Fairway Enterprises Company Limited (India Branch) -  Unit 2;FINISHED GOODS;Footwear;Nike;;FENG TAY;Plot No G 1C Unit 2 SIPCOT Industrial Park ;Krishnagiri;Tamil Nadu;635304;India;S ASIA;4138;3360;80;0
TKG TAEKWANG VINA JOINT STOCK COMPANY BRANCH 2;FINISHED GOODS;Footwear;Nike;;TAEKWANG;KCN Agtex Long Binh;Bien Hoa;Ðng Nai;70000;Vietnam;SE ASIA;10593;9714;88;0
PMI Joinease plastic & metal products;FINISHED GOODS;Equipment;Nike;;PMI JOINEASE;Mutoutan Group No 2 Lizhidun Villiage;Hui Zhou;Guangdong;516131;China;N ASIA;1125;910;49;0
TKG ECO MATERIAL SYNTHETIC (VIETNAM);MATERIALS;Footwear;Nike;;TKG ECO MATERIAL;Lot 45 18 02 Road N14 Phuoc Dong Industrial Park;Tay Ninh;Tây Ninh;840000;Vietnam;SE ASIA;502;383;27;0
LI CHENG ENTERPRISE VIET NAM CO., LTD;FINISHED GOODS - COMPONENTS;Footwear;Nike;;LI CHENG ENTERPRISE;Nhon Trach 6 industrial zone;Bien Hoa;Ðng Nai;76000;Vietnam;SE ASIA;87;68;0;15
Ningbo Shenzhou Knitting Co. Ltd;FINISHED GOODS;Apparel;Nike;Collegiate;SHENZHOU;50 TianMuShan Road;Ningbo;Zhejiang;315800;China;N ASIA;2423;2272;71;0
Southern Apparel Contractors S.A. The Arena;FINISHED GOODS;Apparel;Nike;;TEGRA;ZOLI INHDELVA SPS El Guanal;San Pedro Sula;Cortés;21103;Honduras;AMERICAS;5732;4181;54;0
JIAXING KANAAN BAG R&D CO.,LTD;FINISHED GOODS;Equipment;Nike;;KANAAN;Industrial Zone Qixing Town Nanhu District;Jiaxiang;Zhejiang;314002;China;N ASIA;110;28;80;0
GB LIGHT CO LTD;MATERIALS;Footwear;Nike;;GB LIGHT;22 Beombang 3ro 30beon gil;Gangseo Gu;Busan Gwangyeogsi;46727;South Korea;N ASIA;109;38;0;0
AROMA SUCCESS GARMENT CO., LTD;FINISHED GOODS;Apparel;Nike;Collegiate;SABRINA;Taing Kantout Village;Phnom Penh;Kampong Spueu;050107;Cambodia;SE ASIA;1340;1189;90;0
RJ Liebe Athletic Lettering Co.;FINISHED GOODS;Apparel;Nike;;RJ LIEBE ATHLETIC LETTERING;582 Goddard Ave;Chesterfield;Missouri;63005;USA;AMERICAS;22;10;60;0
Redwall;FINISHED GOODS;Apparel;Nike;Collegiate;REDWALL;7655 S 6th St;Oak Creek;Wisconsin;53154;USA;AMERICAS;148;113;0;0
Ortholite India Pvt Ltd.;FINISHED GOODS - COMPONENTS;Footwear;Nike;;ORTHOLITE;No 28 3C1;AMBUR;Tamil Nadu;635802;India;S ASIA;250;163;0;0
JiangSu HongBao Sporting Goods Co., Ltd.;FINISHED GOODS;Equipment;Nike;Collegiate;YEGIN;No 3 Building ShangShui Industry;HuaiAn;Jiangsu;223400;China;N ASIA;362;331;86;0
SAMBU FINE CHEMICAL CO LTD (VIETNAM);FINISHED GOODS - COMPONENTS;Footwear;Nike;;SAMBU FINE CHEMICAL;Dong Xoai1 Industrial Park;Tan Thanh Commune Dong Xoai City;Bình Phuc;67108;Vietnam;SE ASIA;177;97;30;9
Jiangsu Asian Sourcing Headwear MFG. CO., Ltd;FINISHED GOODS;Apparel;Nike;Collegiate;ASIAN SOURCING HEADWEAR;No  2 South Guangzhou Road;Huai An;Jiangsu;223005;China;N ASIA;953;864;86;0
Regent Garment Factory Limited - Business location- Regent 2;FINISHED GOODS;Apparel;Nike;;CRYSTAL;KCN Lai Vu, H.Kim Thanh, T. Hai Duong;Hai Duong;Hai Phong;170000;Vietnam;SE ASIA;1127;936;80;0
MAS KREEDA  Vaanavil ;FINISHED GOODS;Apparel;Nike;;MAS HOLDINGS;Plot No 2 Agriculture Faculty Road;Kilinochchi;Kilinochchi;42000;Sri Lanka;S ASIA;1544;1300;67;0
AHP APPARELS PVT.LTD. UNIT 61;FINISHED GOODS;Apparel;Nike;Collegiate;SHAHI;SY NO 34 35 37 A TO 37H;SHIKARIPURA, SHIVAMOGGA;Karnataka;577427;India;S ASIA;2005;1914;75;0
PT Lucky Textile Semarang Demak;FINISHED GOODS;Apparel;Nike;Collegiate;TUNTEX;Jl Raya Semarang Demak KM 21;Demak;Jawa Tengah;59517;Indonesia;S ASIA;1675;1373;95;0
HUBEI TOP EAGLE GARMENT LTD.;FINISHED GOODS;Apparel;Nike;Collegiate;NICE APPAREL;EAST INDUSTRIAL PARK ECONOMIC DVELOPMENT ZONE;Songzi Hubei;Hubei;434200;China;N ASIA;238;199;93;0
Style Textile (Pvt) Limited (QIE);FINISHED GOODS;Apparel;Nike;;STYLE TEXTILE;126 by 3 Industrial Area  Kot Lakhpat;Lahore;Punjab;54770;Pakistan;S ASIA;3066;2668;17;0
SHINTA WOOSUNG PT (INDONESIA);MATERIALS;Footwear;Nike;;SHINTA WOOSUNG;JL RAYA KOPO MAJA KM 1;Serang;Banten;42100;Indonesia;S ASIA;246;198;48;13
LELABPLUS;FINISHED GOODS;Apparel;Nike;;LELAB;26 rue Robert Witchitz;Ivry sur Seine;Île-de-France;94200;France;EMEA;14;10;62;100
DONGGUAN JINGSHENG GARMENTS CO.,LTD;FINISHED GOODS;Apparel;Nike;;CRYSTAL;Building 3 No 6 Wanfeng Road;Dongguan;Guangdong;523570;China;N ASIA;262;258;59;0
SP Apparel Inc.;FINISHED GOODS;Apparel;Nike;;SP APPAREL;6935 rue Picard;St-Hyacinthe;Quebec;J2S 1H3;Canada;AMERICAS;255;200;80;5
You Young;FINISHED GOODS - COMPONENTS;Footwear;Nike;;YOU YOUNG;14 Sinsan ro;Busan;Busan Gwangyeogsi;49432;South Korea;N ASIA;137;44;24;0
JOOWON VINA CO., LTD.;MATERIALS;Footwear;Nike;;JOOWON TECH;Road 8 Nhon Trach 1 Industrial Zone;NHON TRACH DISTRICT;Ðng Nai;810000;Vietnam;SE ASIA;350;292;0;0
League Optical(Zhongshan) Workshop Limited;FINISHED GOODS;Equipment;Nike;;ARTS OPTICAL;Yaguan building 3;Zhongshan;Guangdong;528463;China;N ASIA;61;57;51;0
Oregon Screen Impressions, Inc.;FINISHED GOODS;Apparel;Nike;;OREGON SCREEN IMPRESSIONS;3580 NE Broadway;Portland;Oregon;97232;USA;AMERICAS;92;69;65;0
SHENZHEN PENGYIFA INDUSTRIAL CO, LTD;FINISHED GOODS;Apparel;Nike;;SHENZHEN PENGYIFA;2ND FLOOR BUILDING A;SHENZHEN GUANGMING DISTRICT;Guangdong;518107;China;N ASIA;45;28;43;0
ZheJiang Clis Fashion Co., Ltd.;FINISHED GOODS;Apparel;Nike;;ZHEJIANG XIANCHEN IMPORT AND EXPORT;No 10 Bldg No 39 Xiangyuan Road;Hangzhou;Zhejiang;310012;China;N ASIA;42;27;0;0
TNG Investment and Trading JSC - Dai Tu Garment Branch;FINISHED GOODS;Apparel;Nike;;TNG;Tien Hoi Commune Dai Tu District Thai Nguyen Province;Thai Nguyen;Thái Nguyên;240000;Vietnam;SE ASIA;1993;1829;75;0
HUAFENG HAPTIC;FINISHED GOODS - COMPONENTS;Footwear;Nike;;HUA FENG TEXTILE;GF Building D10, Hua Feng Sporting Goods Industrial Park;Putian;Fujian;351144;China;N ASIA;88;73;64;0
SPRINGFEEL POLYURETHANE FOAMS PVT LTD;MATERIALS;Footwear;Nike;;SPRINGFEEL POLYURETHANE;51 2A KELAMBAKKAM VANDALUR ROAD;Kelambakkam;Tamil Nadu;603103;India;S ASIA;291;246;0;0
Zao Zhuang RuiXing Shoes Co., Ltd;FINISHED GOODS;Footwear;Nike;;CHANGSHIN;No3 FuXing East Road Economic Development Zone;Zaozhuang City;Shandong;277300;China;N ASIA;1297;1207;99;0
TRIMCO GROUP (ZHEJIANG) CO LTD;FINISHED GOODS - COMPONENTS;Apparel;Nike;;TRIMCO GROUP;No 236 Xin Lang Road;Yu Yao City;Zhejiang;315480;China;N ASIA;310;208;53;0
HI-TECH APPAREL CO.,LTD. (SUPANBURI BRANCH);FINISHED GOODS;Apparel;Nike;Collegiate;HI TECH;295 MOO 1 TAMBOL DONKAMYAN;Suphanburi;Suphan Buri;72000;Thailand;SE ASIA;416;394;77;18
YongZhou Kaixiang Shoetown Footwear Co., Ltd. NOT A FINISHED GOODS FACILITY;FINISHED GOODS - COMPONENTS;Footwear;Nike;Collegiate;SHOETOWN;#421, Dongxin Road, BaiyashiTown;Yongzhou;Hunan;425900;China;N ASIA;1016;928;92;0
Sarasavi Exports (Pvt) Ltd;FINISHED GOODS;Equipment;Nike;;SARASAVI;No 375 A  High Level Road  Makumbura  Pannipitiya;Makumbura;Colombo;10200;Sri Lanka;S ASIA;456;349;0;0
Blue Ridge Designs LLC;FINISHED GOODS;Apparel;Nike;;BLUE RIDGE DESIGNS;358 INDUSTRIAL PARK DRIVE;HILLSVILLE;Virginia;24343;USA;AMERICAS;70;64;65;25
Brandix Apparel Solutions (Pvt) Limited – Essentials, Batticaloa;FINISHED GOODS;Apparel;Nike;;BRANDIX ASIA HOLDINGS;449 New Kalmunai Road Aryampathy Batticaloa;Batticaloa;Batticaloa;30000;Sri Lanka;S ASIA;3245;2967;86;0
FOOTMARK CAMBODIA CORPORATION;FINISHED GOODS;Apparel;Nike;;FOOTMARK;Sangkat Kantouk  Khan Posencey;Phnom Penh;Kandaal;12101;Cambodia;SE ASIA;124;109;84;0
SEYANG CORPORATION VIETNAM;FINISHED GOODS;Apparel;Nike;;SEYANG;PLOT NO. 54, NHAT TAN INDUSTRIAL COMPLEX, NHAT TAN COMMUNE,;KIMBANG DISTRICT;Hà Nam;400000;Vietnam;SE ASIA;320;280;90;0
SeoHeung Co., Ltd. (3D Printer Center);MATERIALS;Footwear;Nike;;SEOHEUNG;87 JangnimBeonyeong ro;Busan;Busan Gwangyeogsi;49464;South Korea;N ASIA;48;1;0;0
Fanatics Licensed Sports Group;FINISHED GOODS;Apparel;Nike;;FANATICS;2320 Newlins Mill Rd;Easton;Pennsylvania;18045;USA;AMERICAS;523;425;65;0
All Wells International Co., Ltd.;FINISHED GOODS;Footwear;Nike;;SPORTS GEAR;81 Road Toc Tien Commune Phu My Town;Phu My;Bà Ra - Vung Tàu;790000;Vietnam;SE ASIA;3025;2258;81;0
Germton Industrial Company Ltd.;FINISHED GOODS;Apparel;Nike;;GERMTON;Dong Que Son IP Huong An  Que Son  Quang Nam Province;Huong An Town;Qung Nam;560000;Vietnam;SE ASIA;2703;2150;89;0
Fashion Garments Company Limited;FINISHED GOODS;Apparel;Nike;;FASHION GARMENTS;Tam Thang Industrial Zone;TAMKY;Qung Nam;51100;Vietnam;SE ASIA;2185;1907;80;0
HI TECH APPAREL CO LTD, BRANCH 70;FINISHED GOODS;Apparel;Nike;;HI TECH;5 18 Soi suksawat;Bangkru;Samut Prakan;10130;Thailand;SE ASIA;1009;952;60;89
Tiong Liong Vietnam (VIETNAM ZHONGJU INDUSTRIAL COMPANY LIMITED);MATERIALS;Footwear;Nike;;TIONG LIONG GROUP;Lot B 2A CN;Ho Chi Minh City;Ho Chi Minh;75700;Vietnam;SE ASIA;247;70;0;33
CHI YANG RIBBON;FINISHED GOODS - COMPONENTS;Apparel;Nike;Collegiate;CHI YANG RIBBON;NO219 Guan Hai BLVD Bali district;New Taipei;New Taipei;249;Taiwan;N ASIA;58;36;71;22
HUNG LONG GARMENT AND SERVICE JOINT STOCK COMPANY;FINISHED GOODS;Apparel;Nike;;HUNG LONG GARMENT;NGUYEN VAN LINH STREET;MY HAO;Hung Yên;17000;Vietnam;SE ASIA;1850;1600;70;0
Nantong Nafung Gym Equipment Co.,Ltd;FINISHED GOODS;Equipment;Nike;;NANTONG NAFUNG;Group 2 Tongshan Village Yuelai Town Haimen District;Nantong;Jiangsu;226131;China;N ASIA;155;117;54;0
MAXIM LABEL & PACKAGING (INDIA) PVT LTD;MATERIALS;Apparel;Nike;;MAXIM;No 54 KIADB High tech Defense and Aerospace Park;Bangalore;Karnataka;560149;India;S ASIA;106;54;0;0
Trischel Fabric (PVT) Ltd;MATERIALS;Apparel;Nike;;MAS HOLDINGS;MAS Fabric Park  Kurunegala Road;Thulhiriya;Kurunegala;71610;Sri Lanka;S ASIA;1072;865;1;2
STRETCHLINE;MATERIALS;Apparel;Nike;;STRETCHLINE;Lot 89 Biyagama Export Processing Zone Walgama Malwana;Malwana;Gampaha;11670;Sri Lanka;S ASIA;2589;1584;12;0
Yegin Industry (Vietnam) Co., Ltd;FINISHED GOODS;Equipment;Nike;;YEGIN;Lot No 36A 37A;Tan Phuoc District;Tin Giang;863900;Vietnam;SE ASIA;800;688;75;0
ECLAT TEXTILE CO., LTD. - DA YUAN FACTORY;FINISHED GOODS - COMPONENTS;Apparel;Nike;;ECLAT;No 134 Dagong Rd  Dayuan Dist;Taoyuan;Taoyuan;33759;Taiwan;N ASIA;324;249;0;69
Brandix Apparel India Pvt Ltd, Unit-2;FINISHED GOODS;Apparel;Nike;;BRANDIX ASIA HOLDINGS;Plot no 07 Adhistan SEZ;Visakhapatnam;Andhra Pradesh;531011;India;S ASIA;3980;3700;91;0
Tai Wah Garments Industry Sdn Bhd Kulai Jaya;FINISHED GOODS;Apparel;Nike;;RAMATEX;G 15 2 Jalan Tan Yoke Fong;Johor Darul Takzim;Johor;81000;Malaysia;S ASIA;1267;1201;30;99
Vietnam Pou Sung Co. Ltd.;FINISHED GOODS;Footwear;Nike;;POU CHEN;Bau Xeo Industrial Zone Hill Village 61;TRANG BOM;Ðng Nai;76318;Vietnam;SE ASIA;15375;11985;82;0
DASS ELDORADO SRL;FINISHED GOODS;Footwear;Nike;;DASS;ALBERTO BEJAR BARRIOS 407;ELDORADO;Misiones;3380;Argentina;AMERICAS;455;345;30;2
PT KMK Global Sports / K1;FINISHED GOODS;Footwear;Nike;;KMK;Cikupa Mas Industrial Estate and Warehouse;Tangerang;Banten;15710;Indonesia;S ASIA;9499;7685;85;0
JOV GARMENT ACCESSORIAL MATERIAL CO., LTD;MATERIALS;Apparel;Nike;;JOV GARMENT ACCESSORIAL MATERIAL;No 226 Pengfeng Road Dakun Industrial Zone;Songjiang;Shanghai;201600;China;N ASIA;111;54;46;0
Kunshan Sabrina Clothes Making Co., Ltd.;FINISHED GOODS;Apparel;Nike;Collegiate;SABRINA;No 31 Kongxiang East Road;Kunshan;Jiangsu;215331;China;N ASIA;817;721;90;0
Celeritas Manufacturing S.A. de C.V.;FINISHED GOODS;Apparel;Nike;;CELERITAS MANUFACTURING S.A. DE C.V.;BOULEVARD DEL EJERCITO NACIONAL KILOMETRO 7 ;SOYAPANGO;San Salvador;11101;El Salvador;AMERICAS;1579;1548;0;0
HONSIN APPAREL SDN. BHD.;FINISHED GOODS;Apparel;Nike;;HONSIN;531 BATU 2 1 2;BATU PAHAT;Johor;83000;Malaysia;S ASIA;902;837;24;81
MAS KREEDA Balangoda ;FINISHED GOODS;Apparel;Nike;;MAS HOLDINGS;Weligepola Road;Balangoda;Ratnapura;70100;Sri Lanka;S ASIA;1464;1280;90;0
Dewhirst Cambodia;FINISHED GOODS;Apparel;Nike;;CASTLECRAFTS;Tuorl Pongror Village;Phnom Penh;Kandaal;12101;Cambodia;SE ASIA;2941;2715;72;1
Jade Textile Cairo;FINISHED GOODS;Apparel;Nike;;YESIM;A 6 Zone 103 and 104;10th of Ramadan;Ash Sharqiyah;12451;Egypt;EMEA;3925;3030;29;11
Zhuji Hengtai Knitting & Textile Co., Ltd.;FINISHED GOODS;Apparel;Nike;;DELTA;No 10 Tianyuan West Road;Zhuji;Zhejiang;311812;China;N ASIA;197;164;59;0
EAGLE NICE JINGMEN GARMENTS CO LTD;FINISHED GOODS;Apparel;Nike;;EAGLE NICE;N0 3 of Fenghuang Road;Jingmen;Hubei;43100;China;N ASIA;680;522;85;0
E-Top (Vietnam) Co.,Ltd;FINISHED GOODS;Apparel;Nike;Collegiate;ECLAT;Lot IX1 IX2 IX3 IX4;Ba Ria-Vung Tau;Bà Ra - Vung Tàu;790000;Vietnam;SE ASIA;2876;2712;97;0
Delta Alfa Corap Ve Tekstil Sanayi Tic Ltd Sti;FINISHED GOODS;Equipment;Nike;Collegiate;DELTA EQ GROUP;Taskopru Mahallesi 16044;Duzce;Düzce;81750;Turkey;EMEA;766;478;62;0
Zhuji Hengan Socks Co Ltd;FINISHED GOODS;Apparel;Nike;;HENGTAI;No 8 Tianyuan West Road Datang Street;zhuji;Zhejiang;311800;China;N ASIA;122;102;50;0
FREETREND INDUSTRIAL (VIETNAM) CO., LTD;FINISHED GOODS;Footwear;Nike;;DEAN SHOES;Saigon Linh Trung 1;Thu Duc;Ho Chi Minh;71314;Vietnam;SE ASIA;10026;8526;85;0
Hi-Tech Apparel Co. Ltd.;FINISHED GOODS;Apparel;Nike;Collegiate;HI TECH;328 Prachauthit Rd  Thoongkru;Bangkok;Bangkok;10140;Thailand;SE ASIA;1316;828;75;52
SHAHI EXPORTS PVT LTD;MATERIALS;Apparel;Nike;;SHAHI;SY NO 156 KIADB INDUSTRIAL AREA;SHIVAMOGGGA;Karnataka;577222;India;S ASIA;1711;1300;0;0
Qingdao Licheng Health Technology Co., Ltd.;FINISHED GOODS;Equipment;Nike;;QINGDAO LICHENG;No 60 Huashuo Road LanGu High tech Industrial Development;Qingdao;Shandong;266200;China;N ASIA;42;32;19;0
NINGBO SHENZHOU KNITTING CO. LTD. (PRINTING MILL & MC);FINISHED GOODS;Apparel;Nike;Collegiate;SHENZHOU;NO 636 Fuchunjiang Road;Ningbo;Zhejiang;315800;China;N ASIA;639;593;49;0
ISA INDUSTRIAL CO LTD (HESHAN) (CHINA);MATERIALS;Footwear;Nike;;ISA;No  1 Xingli Road Hecheng Town;Heshan;Guangdong;529727;China;N ASIA;550;460;45;0
Robinson Manufacturing Company, Dayton;FINISHED GOODS;Apparel;Nike;Collegiate;ROBINSON;1184 Broadway;Dayton;Tennessee;37321;USA;AMERICAS;52;47;77;0
DONGJIN TEXTILE VINA Co., Ltd ;MATERIALS;Footwear;Nike;;DONGJIN;Lot D 8 1 Road No 2;Dong Nai Province;Ðng Nai;76000;Vietnam;SE ASIA;361;300;27;7
Dah Jeng Embroidery;FINISHED GOODS;Apparel;Nike;;EMBLEM SOURCE;No 68 Jiuqiong Street Luzhou District;New Taipei City;New Taipei;24750;Taiwan;N ASIA;85;51;87;49
PAIHO (VIETNAM);MATERIALS;Footwear;Nike;;PAIHO GROUP;Lot 30 32 34 No3 Road Tan Tao Industrial Park;Ho Chi Minh City;Ho Chi Minh;71909;Vietnam;SE ASIA;3371;2781;53;0
Tower Garments (London) Ltd;FINISHED GOODS;Apparel;Nike;;TOWER GARMENTS;Unit J 17 Queensway Enfield;ENFIELD;London-- City of;EN3 4SA;United Kingdom;EMEA;90;90;60;0
RIETVELD SERIGRAFIE BV;FINISHED GOODS;Apparel;Nike;;RIETVELD;INDUSTRIEWEG 50  2382 NW;Zoeterwoude Rijndijk;Zuid-Holland;2382NW;Netherlands;EMEA;31;23;42;61
PRIME ASIA (CHINA);MATERIALS;Footwear;Nike;;PRIME ASIA;YUE YUEN INDUSTRIAL PARK;Dongguan,Guangdong;Guangdong;511700;China;N ASIA;878;588;37;0
ChangShin Inc.;FINISHED GOODS;Footwear;Nike;;CHANGSHIN;242, Jangpyeong-ro, Saha-gu, Busan, Korea;Busan;Busan Gwangyeogsi;604-030;South Korea;N ASIA;1055;353;52;0
Yantai NE Apparel CO.,LTD;FINISHED GOODS;Apparel;Nike;Collegiate;NICE APPAREL;No 26 Haiyang Yantai Economic Development Zone;Yantai;Shandong;265100;China;N ASIA;781;626;93;0
Beijing Our Clothing and Apparel Ltd;FINISHED GOODS;Apparel;Nike;;BEIJING CLOTHING;Room 103 Building 4  No 9 Shuangqiao Road;BeiJing;Beijing;100024;China;N ASIA;4;3;1;0
BAIKSAN (VIETNAM);MATERIALS;Footwear;Nike;;BAIKSAN;NO 50 ROAD 3 VSIP II HOA PHU PRECINCT;Binh Duong;Bình Duong;840000;Vietnam;SE ASIA;343;329;11;0
Jay Jay Mills Lanka (Pvt) Ltd - Expansion Unit T01;FINISHED GOODS;Apparel;Nike;;JAY JAY MILLS;Lot 1 2 3 4 5 and 23;Trincomalee;Trincomalee;31000;Sri Lanka;S ASIA;802;759;0;0
Evergreen Apparel Mfg.;FINISHED GOODS;Apparel;Nike;;YY & ASSOCIATES;845 NE Century Blvd;Hillsboro;Oregon;97127;USA;AMERICAS;21;16;75;0
FORMOSA TAFFETA DONG NAI CO., LTD.;MATERIALS;Apparel;Nike;;FORMOSA TAFFETA;Nhon Trach 3 Ind Zone Hiep Phuoc Town;Nhon Trach District;Ðng Nai;71000;Vietnam;SE ASIA;1127;988;53;6
SFO Apparel Inc. (Sewing & Cutting);FINISHED GOODS;Apparel;Nike;;SFO APPAREL;41 Park Place;Brisbane;California;94005;USA;AMERICAS;57;48;90;0
YKK Taiwan Chung Li 2nd Factory;MATERIALS;Footwear;Nike;;YKK;No 12 CHI LIN NORTH ROAD CHUNG LI;Taoyuan;Taoyuan;32062;Taiwan;N ASIA;1305;1169;1;25
Longhui Stella Footwear Co., Ltd;FINISHED GOODS - COMPONENTS;Footwear;Nike;Collegiate;STELLA;South east Industrial Park;Shaoyang City;Hunan;422200;China;N ASIA;842;777;89;0
Huaian Yuantong Headwear Mfg Co Ltd;FINISHED GOODS;Apparel;Nike;;ASIAN SOURCING HEADWEAR;NO 30 YAN HUANG AVENUE;HUAI AN;Jiangsu;223400;China;N ASIA;655;524;82;0
BODYLINE PVT LIMITED;FINISHED GOODS;Apparel;Nike;Collegiate;MAS HOLDINGS;RATNAPURA ROAD;HORANA;Kalutara;12400;Sri Lanka;S ASIA;5552;4782;83;0
Milteks Tekstil Sanayi ve Ticaret A S;FINISHED GOODS;Apparel;Nike;;MILTEKS;Bakir ve Pirinc Sanayicileri Sitesi;Istanbul;Istanbul;34520;Turkey;EMEA;177;78;43;0
SUPER KNITTING CAMBODIA;FINISHED GOODS;Apparel;Nike;;SUPER KNITTING;Haknuman Vilage Krang Thnong Commune Bati District;Takeo;Taakaev;210807;Cambodia;SE ASIA;1274;1224;0;1
FITA TEKSTIL KONF.LTD.STI;FINISHED GOODS;Apparel;Nike;;YESIM;PANAYIR MAH  6 SELVILI SK;Bursa;Bursa;16100;Turkey;EMEA;344;320;88;0
PT. CHING LUH INDONESIA;FINISHED GOODS;Footwear;Nike;;CHING LUH;JL. Raya Serang Km.16;Cikupa;Jawa Barat;15710;Indonesia;S ASIA;8492;7689;77;0
DONG SHIN VINA CO.,LTD;FINISHED GOODS;Footwear;Nike;Collegiate;DONG SHIN GLOBAL MARKETING TECHNOLOGY;Lot 6 Str 3 Giang Dien Industrial Zone Trang Bom Dong Nai;Trang Bom;Ðng Nai;76317;Vietnam;SE ASIA;105;44;0;0
G&G Outfitters, Inc.;FINISHED GOODS;Apparel;Nike;Collegiate;G AND G OUTFITTERS;4901 Forbes Blvd;Lanham;Maryland;20706;USA;AMERICAS;324;231;71;0
Xiamen Expanding Industrial Co., Ltd;FINISHED GOODS;Apparel;Nike;;HADDAD;NO 21 Siming Park Tongan Industrial Concentration Zone;Xiamen;Fujian;361000;China;N ASIA;78;70;57;0
SI HAN MANUFACTURING CO.,LTD.;FINISHED GOODS;Apparel;Nike;;SI HAN;No 9 east lincun third road ;Dongguan;Guangdong;523710;China;N ASIA;48;25;0;0
Brandix Apparel Solutions (PVT) LTD;FINISHED GOODS;Apparel;Nike;;BRANDIX SOLUTIONS;Bandarawatte;Rambukkana;Kegalla;71100;Sri Lanka;S ASIA;3032;2210;0;0
PT PAXAR INDONESIA (AVERY DENNISON GROUP);MATERIALS;Footwear;Nike;;AVERY DENNISON;Jalan Inti1  Blok C1 No 14;Bekasi;Jawa Barat;17550;Indonesia;S ASIA;404;325;20;0
CONG TIEN GARMENT JOINT STOCK COMPANY;FINISHED GOODS;Apparel;Nike;Collegiate;SOUTH ISLAND;27 Mac Van Thanh Street;Long Thuan Ward;Ðng Tháp;084;Vietnam;SE ASIA;1184;1015;85;0
KITAI CO., LTD;FINISHED GOODS;Apparel;Nike;;KITAI;32 taka;kashiba;Nara;639-0241;Japan;N ASIA;74;64;65;2
Ramatex Printing Garment (Suzhou) Ltd;MATERIALS;Apparel;Nike;;RAMATEX;168 Liufeng Road;Suzhou;Jiangsu;215124;China;N ASIA;570;495;35;0
PT.WONEEL MIDAS LEATHERS;FINISHED GOODS;Equipment;Nike;;PT. WONEEL MIDAS LEATHERS;Bangunsari Rt04 Rw03 Candirejo Semin;Gunungkidul;Yogyakarta;55854;Indonesia;S ASIA;1685;1544;74;0
DAERIM TEXTILE CO LTD (KOREA);MATERIALS;Footwear;Nike;;DAERIM TEXTILE;14 NOKSANSANDAN 382 RO 14BEON GIL;Busan;Busan Gwangyeogsi;46757;South Korea;N ASIA;75;55;21;15
Taichung Shuihing Label Weaving Co., Ltd.;FINISHED GOODS - COMPONENTS;Apparel;Nike;Collegiate;AVERY DENNISON;6 1 Gong 2nd Rd Dajia Taichung 43769 Taiwan ROC;Taichung;Taichung;43769;Taiwan;N ASIA;62;48;78;21
PT Tong Hong Tannery;MATERIALS;Footwear;Nike;;TONG HONG;KAWASAN INDUSTRI MODERN CIKANDE;Kabupaten Serang;Banten;42186;Indonesia;S ASIA;233;200;45;0
Yuan Ling Knitting Industrial CO., LTD.;MATERIALS;Footwear;Nike;;YUAN LING;202 ChangLu Road;Changhua City;Changhua;50083;Taiwan;N ASIA;213;96;21;61
Fashion Garments 2 Co., Ltd - Xuan Tay;FINISHED GOODS;Apparel;Nike;;HIRDARAMANI;Hamlet 1, Xuan Tay Commune, Cam My District, Dong Nai Pro;Cam My District;Ðng Nai;810000;Vietnam;SE ASIA;686;598;89;0
Fujian Xingxun New Materials Technology Co., Ltd.;FINISHED GOODS - COMPONENTS;Footwear;Nike;;FUJIAN XINGXUN NEW MATERIALS TECHNOLOGY CO., LTD.;WUHONG ROAD NO 17;QUANZHOU CITY;Fujian;362712;China;N ASIA;260;210;0;0
Vung Tau Orient Co., Ltd - unit 02;FINISHED GOODS;Equipment;Nike;Collegiate;FENG TAY AC;Chau Duc Industrial Zone;Chau Duc District;Bà Ra - Vung Tàu;79000;Vietnam;SE ASIA;2640;2556;73;0
NICE APPAREL COMPANY LIMITED;FINISHED GOODS;Apparel;Nike;Collegiate;NICE APPAREL;369 Moo 4 Manjakiri Road Muang Khonkaen;Khonkaen;Khon Kaen;40000;Thailand;SE ASIA;1253;890;68;0
PT Chang Shin Indonesia;FINISHED GOODS;Footwear;Nike;;CHANGSHIN;Jl Ir H Juanda No 008;Karawang;Jawa Barat;41374;Indonesia;S ASIA;2340;2247;78;0
Branch of Thuan Phuong Embroideries Garments Company Limited - Thuan Phuong Long An Factory;FINISHED GOODS;Apparel;Nike;;THUAN PHUONG;Hamlet 3 Long Cang Commune Can Duoc Dist Long An Province;Can Duoc;Long An;850000;Vietnam;SE ASIA;2440;1963;62;0
JIANGSU NINGSHENG GARMENT CO.,LTD   ;FINISHED GOODS;Apparel;Nike;;JIANGSU NINGSHENG GARMENT;No87 Renmin South Road Zhutang Town;WUXI;Jiangsu;214415;China;N ASIA;73;69;79;0
GILDAN TEXTILES DE SULA S DE R L RIO NANCE 6;MATERIALS;Apparel;Nike;;GILDAN;Zip San Miguel VI;Choloma;Cortés;21112;Honduras;AMERICAS;1822;1750;0;0
Worldon Vietnam Co., Ltd.;FINISHED GOODS;Apparel;Nike;Collegiate;SHENZHOU;Hoa Phu Commune Cu Chi District;Ho Chi Minh;Ho Chi Minh;70000;Vietnam;SE ASIA;7951;6905;83;0
Jade textile Ismailia S.A.E;FINISHED GOODS;Apparel;Nike;;YESIM;200 acres El Mostakbel Are Ismailia public Free Zone;Ismailia;AI Isma iliyah;41622;Egypt;EMEA;4797;3336;34;4
Thuan Phuong Embroideries Garments Co., Ltd.;FINISHED GOODS;Apparel;Nike;;THUAN PHUONG;275 Nguyen Van Luong St Dist 6 HCMC;Ho Chi Minh City;Ho Chi Minh;700000;Vietnam;SE ASIA;1263;978;51;0
FAR EASTERN;MATERIALS;Apparel;Nike;Collegiate;FAR EASTERN;No  1 Guojian 2nd Road;Taoyuan;Taoyuan;328;Taiwan;N ASIA;273;182;38;70
PT Dayup Indo;FINISHED GOODS;Equipment;Nike;;DAYUP;NUSANTARA BONDED ZONE KBN MADURA STREET 6 BLOCK D13A;JAKARTA;Jakarta Raya;14140;Indonesia;S ASIA;1446;1343;94;0
Marchon Italia Srl a SU;FINISHED GOODS;Equipment;Nike;;MARCHON;V.le Alpago 151;Alpago;Belluno;32016;Italy;EMEA;247;90;59;0
Hi-Tech Apparel Cambodia Co., Ltd.;FINISHED GOODS;Apparel;Nike;;HI TECH;A35 36 Poipet ONeang Special EcoZone;Poipet;Banteay Mean Chey;010902;Cambodia;SE ASIA;2784;2678;68;0
NV Apparel Company Limited;FINISHED GOODS;Apparel;Nike;Collegiate;NICE APPAREL;Lot C1 Binh Hoa Industrial Zone Chau Thanh An Giang;An Giang;An Giang;880000;Vietnam;SE ASIA;2008;1627;78;2
ECLAT FABRIC CO., LTD.;MATERIALS;Apparel;Nike;;ECLAT;My Xuan A2 Industrial Zone;Ba Ria-Vung Tau;Bà Ra - Vung Tàu;79000;Vietnam;SE ASIA;844;556;48;0
UN-AVAILABLE CO. LTD;FINISHED GOODS;Apparel;Nike;;UN AVAILABLE;Part of Lot I bar 3 St No 7;Ho Chi Minh;Ho Chi Minh;71914;Vietnam;SE ASIA;641;454;63;2
PETTENATI CENTRO AMERICA S.A. DE C.V.;MATERIALS;Apparel;Nike;;PETTENATI;Km 42 Carretera A Santa Ana;Coatepeque;Santa Ana;2204;El Salvador;AMERICAS;950;860;20;1
VEGA BALLS MANUFACTURING;FINISHED GOODS;Equipment;Nike;Collegiate;VEGA BALL;653 Mu4 Soi E6 Phatthana 1Road;Mueang Samut Prakan District;Samut Prakan;10280;Thailand;SE ASIA;268;252;75;0
MAPLE COMPANY LIMITED;FINISHED GOODS;Apparel;Nike;;RAMATEX;No 120 Road No 14;Hai Phong City;Hai Phong;04000;Vietnam;SE ASIA;3116;2749;72;0
Hoosier Manufacturing, Compania Limitada;FINISHED GOODS;Apparel;Nike;;INDIANA KNITWEAR;18 Avenida 37-39 Zona 12;Guatemala;Guatemala;01000;Guatemala;AMERICAS;474;453;57;0
TAG TIME;FINISHED GOODS - COMPONENTS;Apparel;Nike;;TAG TIME;NO 1 CHONGDE ROAD CUNTOU VILLAGE;Dongguan;Guangdong;523468;China;N ASIA;103;77;1;0
STANWELL-EXPAN CO. LTD;FINISHED GOODS - COMPONENTS;Apparel;Nike;Collegiate;STANWELL-EXPAN;No 8 Dinghu 9th St Gueishan;Taoyuan;Taoyuan;333;Taiwan;N ASIA;289;147;48;7
ShangGao Yisen Industry Co. Ltd.;FINISHED GOODS;Footwear;Nike;;POU CHEN;Youzidong Jingjiang Town ShangGao County YiChun City;YiChun;Jiangxi;336400;China;N ASIA;6529;5182;87;0
SAMBU FINE CHEMICAL CO LTD (INDONESIA);FINISHED GOODS - COMPONENTS;Footwear;Nike;;SAMBU FINE CHEMICAL;Jl Kenari Raya Blok G2 12B Delta Silicon V;Kabupaten Bekasi;Jawa Barat;17530;Indonesia;S ASIA;55;37;6;22
Yumei Shantou Garments Co., Ltd;FINISHED GOODS;Apparel;Nike;;EAGLE NICE;No 48 Heng Shan Rd;Shantou;Guangdong;515000;China;N ASIA;2422;1944;80;0
GOLD LONG JOHN (TR1) (TAIWAN);FINISHED GOODS - COMPONENTS;Footwear;Nike;;GOLD LONG JOHN;NO350  Fuxing Rd  Beidou Township;Changhua;Changhua;52147 / 51341;Taiwan;N ASIA;560;223;40;22
LUCKYTEX SOC TRANG VIETNAM CO., LTD;FINISHED GOODS;Apparel;Nike;Collegiate;TUNTEX;Lot H An Nghiep Industrial Zone An Ninh Commune;Can Tho;Sóc Trang;940000;Vietnam;SE ASIA;1121;826;75;0
Zhangjiagang New HuaYuan Accessones Co., Ltd;FINISHED GOODS;Apparel;Nike;Collegiate;HUAYUAN ACCESSORIES;No 1 Henan Road;Zhangjiagang;Jiangsu;215600;China;N ASIA;97;86;83;0
Style Raiwind;FINISHED GOODS;Apparel;Nike;;STYLE TEXTILE;8 Km Off Manga Raiwind Road;Kasur;Punjab;55150;Pakistan;S ASIA;20091;18417;18;0
TKG TAEKWNG BINH PHUOC COMPANY LIMITED;FINISHED GOODS - COMPONENTS;Footwear;Nike;;TAEKWANG;Lot E1 E2 Minh Hung Korea Industrial Park;Chon Than Townlet;Bình Phuc;83000;Vietnam;SE ASIA;1922;1745;77;0
Pine Tree Company for Textile Manufacturing PSC;FINISHED GOODS;Apparel;Nike;;RAMATEX;AL MUWAQQAR INDUSTRIAL ESTATE;AMMAN;Amman;110109;Jordan;EMEA;1737;1536;69;74
YOUNGIL (VIETNAM);MATERIALS;Footwear;Nike;;YOUNGIL LEATHER;LOT A6 1 4 THANH THANH CONG IP AN HOA WARD;TRANG BANG;Tây Ninh;80900;Vietnam;SE ASIA;1017;821;36;0
ACE Accessories Co., Ltd.;FINISHED GOODS;Equipment;Nike;;ACE ACCESSORIES;3F Nr 190 Gongye 9th Rd Dali Dist;TAICHUNG;Taichung;412037;Taiwan;N ASIA;74;50;86;0
SELF MAGLIERIA SRL;FINISHED GOODS;Apparel;Nike;;SELF MAGLIERIA;VIA RISORGIMENTO 48;Vertemate con Minoprio;Como;22070;Italy;EMEA;32;28;93;0
Shao Yang County SteIIa Footwear LTD ;FINISHED GOODS;Footwear;Nike;Collegiate;STELLA;Inside the industrial park of Shao Yang County;Shaoyang;Hunan;422100;China;N ASIA;1118;1035;96;0
Zhangpu Hengxin Bags Co., Ltd;FINISHED GOODS;Apparel;Nike;;ZHANGPU HENGXIN;NO 87 Changfa Road Changqiao Town Zhangpu;Zhangzhou;Fujian;363200;China;N ASIA;193;172;96;0
Fujian San Feng Footwear Co.,Ltd;FINISHED GOODS;Footwear;Nike;;FENG TAY;No. 399, ChengMen Street, ChengMen Town, CangShan Districts;Fuzhou;Fujian;350018;China;N ASIA;3558;2890;84;0
Brandix Apparel Solutions (Pvt) Limited – Essentials, Koggala;FINISHED GOODS;Apparel;Nike;;BRANDIX ASIA HOLDINGS;No 27, Export processing zone;Koggala;Galle;80630;Sri Lanka;S ASIA;1014;934;84;0
Song Hong Garment JSC - Nghia Hung Branch: Factory 15,16,17,18;FINISHED GOODS;Apparel;Nike;;SONG HONG;Industrial Cluster in Nghia Thai Commune;Nam Dinh/ Nam Dinh;Nam Ðnh;420000;Vietnam;SE ASIA;1915;1770;80;0
FOSHAN COSMO HUAZHOU TEXTILE CO.,LTD.;MATERIALS;Footwear;Nike;;COSMOPOLITAN TEXTILE;N0 9  (F8) KAIYUAN ROAD;Foshan;Guangdong;528000;China;N ASIA;164;115;30;0
TORAY SAKAI CO. LTD.;MATERIALS;Apparel;Nike;;TORAY;301 Ruixing Road;Nantong;Jiangsu;226009;China;N ASIA;1600;1200;40;0
Maxturn Apparel Company Limited;FINISHED GOODS;Apparel;Nike;;MAXTURN APPAREL;Unit G1 B Que Vo Industrial Zone;Bac Ninh;Bc Ninh;16000;Vietnam;SE ASIA;1146;1089;0;2
HAYLEYS FABRIC PLC ;MATERIALS;Apparel;Nike;;MAS HOLDINGS;Nartupana Estate;Neboda;Kalutara;12030;Sri Lanka;S ASIA;1660;1228;12;0
United Creation Optical (Cambodia) Co. Ltd.;FINISHED GOODS;Equipment;Nike;;UNITED CREATION;Block K Block Q National Road No 41;Somoroung Tong;Kampong Spueu;050109;Cambodia;SE ASIA;329;295;0;14
ANHUI COSMO SPORTING GOODS COMPANY LIMITED;FINISHED GOODS;Equipment;Nike;;ANHUI COSMO;Economic Development Zone, Jinzhai County;Lu an;Anhui;237321;China;N ASIA;366;330;95;0
Dongguan Ye Ji Industrial Co., Ltd.;FINISHED GOODS;Apparel;Nike;;CRYSTAL;Room 101 No3 Building No112 Chang Huang Road;DONGGUAN CITY;Guangdong;523570;China;N ASIA;909;796;63;0
TRIMCO GROUP (INDIA) PVT LTD;FINISHED GOODS - COMPONENTS;Apparel;Nike;;TRIMCO GROUP;Plot No 6 and 7 ;Vasai East ;Maharashtra;401208;India;S ASIA;120;75;0;0
TMVN MANUFACTURING CO.,LTD.;FINISHED GOODS;Apparel;Nike;;TP INC;Bac Giao Cu Trung Hamlet Dong Son Commune Nam Truc District;Nam Dinh;Nam Ðnh;07000;Vietnam;SE ASIA;2675;2449;94;0
NAN YANG GARMENT CO., LTD.;FINISHED GOODS;Apparel;Nike;Collegiate;NAN YANG;27 Phetkasem Rd;Nongkham;Bangkok;10160;Thailand;SE ASIA;1255;1016;66;81
BAIKSAN (TR1) (INDONESIA);MATERIALS;Footwear;Nike;;BAIKSAN;JL  BUMI MAS I NO 7 KAWASAN INDUSTRI DAN PERGUDANGAN;Tangerang Banten;Banten;15710;Indonesia;S ASIA;431;286;17;0
Maxpro Sports Manufacturing Inc.;FINISHED GOODS;Equipment;Nike;;MAXPRO;Phil Bright Corp Lot 1 Block 8 Hermosa Ecozone Industrial ;Bataan;Bataan;2111;Philippines;N ASIA;167;134;44;0
Hoosier Manufacturing;FINISHED GOODS;Apparel;Nike;;INDIANA KNITWEAR;Calzada concepcion 5ta calle 5 26 Zona 6 Ofi;Villa Nueva;Guatemala;01064;Guatemala;AMERICAS;3422;3091;63;0
United Creation Optical Technology Co., Ltd;FINISHED GOODS;Equipment;Nike;;UNITED CREATION;D2 2 Mingde Road Glasses Industrial Park Yujiang District;Yingtan;Jiangxi;335200;China;N ASIA;387;224;100;0
Business Location of MDK Embroideries Garments Company Limited - Binh Chanh Factory;FINISHED GOODS;Apparel;Nike;;THUAN PHUONG;191 Dinh Duc Thien Street;Binh Chanh District;Ho Chi Minh;700000;Vietnam;SE ASIA;742;697;77;0
MILTEKS TEXTILE EGYPT;FINISHED GOODS;Apparel;Nike;;MILTEKS;6th of October Industrial zone 1 B42 no196;Cairo;AI Jizah;12451;Egypt;EMEA;695;608;68;0
Dong Guan New Prosperity Optical Mfy Ltd. Chang An Branch;FINISHED GOODS;Equipment;Nike;;SUN HING OPTICAL;No 43 XinFeng Road XinMin District ChangAn Town;Dongguan;Guangdong;523879;China;N ASIA;81;70;65;0
Wenzhou Outlook Eyewear Co., Ltd;FINISHED GOODS;Equipment;Nike;;WENZHOU OUTLOOK;Number 12  Shengye Rd  Lucheng District;Wenzhou;Zhejiang;325019;China;N ASIA;29;22;50;0
Gold Long John (Vietnam 2nd location);FINISHED GOODS - COMPONENTS;Footwear;Nike;;GOLD LONG JOHN;Road 25B Nhon Trach 2 Industrial Zone;Nhon Trach;Ðng Nai;815956;Vietnam;SE ASIA;743;550;67;0
CHUAN CHENG HAT CO., LTD.;FINISHED GOODS;Apparel;Nike;;CHUAN CHENG;No 56 Chung Shan Road;TAICHUNG;Taichung;428;Taiwan;N ASIA;121;102;86;19
Ajara Textile Ltd (Bobokvati);FINISHED GOODS;Apparel;Nike;;MILTEKS;Bobokvati Street 14 Bobokvati Village;Kobuleti;Ajaria;6200;Georgia;EMEA;1507;1382;96;0
Skyrina.SA de C.V;FINISHED GOODS;Apparel;Nike;Collegiate;SABRINA;Federal Highway 129;Tlatlauquitepec;Puebla;73907;Mexico;AMERICAS;350;300;0;0
LEADING STAR THANH HOA GARMENT COMPANY LIMITED;FINISHED GOODS;Apparel;Nike;;LEADING STAR; Lot CN 04 South Zone A Bim Son Industrial park Bac Son Ward;Bim Son;Thanh Hóa;44000;Vietnam;SE ASIA;1223;992;0;0
H&L APPAREL(VIETNAM) CO.,LTD;FINISHED GOODS;Apparel;Nike;;H&L;Lot D 11 CN My Phuoc 2 IP My Phuoc Ward;Ben Cat District;Bình Duong;590000;Vietnam;SE ASIA;1050;1000;80;0
PT Rodeo Prima Jaya;FINISHED GOODS;Apparel;Nike;;PRIMA;Jl Raya Kaligawe Km 7 Semarang;Semarang;Jawa Tengah;50117;Indonesia;S ASIA;590;550;89;0
DAEWON (KOREA);MATERIALS;Footwear;Nike;;DAEWON;868 14 Gyeonggi daero;Osan Si;Gyeonggido;18111;South Korea;N ASIA;410;350;0;3
Hirdaramani Fashions (Pvt) Ltd - Vavuniya;FINISHED GOODS;Apparel;Nike;;HIRDARAMANI FASHIONS (PVT) LTD VAVUNIYA;No 400;Vavuniya;Vavuniya;43000;Sri Lanka;S ASIA;1087;938;0;0
YKK INDIA PVT. LTD. ;FINISHED GOODS - COMPONENTS;Apparel;Nike;;YKK;Plot No 699 Sector 2;Rewari;Haryana;123501;India;S ASIA;1293;1045;0;0
FUQING TIONGLIONG XINYE SHOES MATERIAL CO LTD;MATERIALS;Footwear;Nike;;TIONG LIONG GROUP;Hongkuan Industry Village;Fuqing City;Fujian;350323;China;N ASIA;122;70;19;0
NINGBO MITSUBANA APPERAL CO., LTD;FINISHED GOODS;Apparel;Nike;;NINGBO MITSUBANA;NO 1338 YUFAN ROAD E ZHENHAI;NINGBO;Zhejiang;315207;China;N ASIA;86;79;79;0
TRANSFERTECH CO., LTD;FINISHED GOODS - COMPONENTS;Apparel;Nike;;TRANSFER TECH CO LTD;Moo 1 Sinsakorn Ind Zone S2 Chetsadawithi Road;Samut Sakhon;Samut Sakhon;74000;Thailand;SE ASIA;188;91;0;93
Far Eastern Apparal Suzhou Ltd. Co;FINISHED GOODS;Apparel;Nike;Collegiate;FAR EASTERN;88 Tianling Rd;Suzhou;Jiangsu;215128;China;N ASIA;714;462;91;0
OUTLOOK INTERNATIONAL GROUP (VIETNAM) COMPANY LIMITED;FINISHED GOODS;Equipment;Nike;;WENZHOU OUTLOOK; Factory Unit 3  Block 2A Phase 1,Pho Yen,Thái Nguyên,24722;Pho Yen;Thái Nguyên;24722;Vietnam;SE ASIA;157;142;0;11
TAYIN R&D CO LTD (CHINA);MATERIALS;Footwear;Nike;;TAYIN;Bapian Village Xuanzhen Road Taihe Town  ;QINGYUAN;Guangdong;511800;China;N ASIA;412;222;0;0
Qingdao Changshin Shoes Co., Ltd.;FINISHED GOODS;Footwear;Nike;;CHANGSHIN;Matiquan Road 6;QingDao;Shandong;266300;China;N ASIA;2311;1906;90;0
MANUFACTURE OF ARTISTIC BELT & ACCESSORIES CO., LTD.;FINISHED GOODS;Equipment;Nike;;ARTISTIC BELT AND ACCESSORIES;Factory 7, DE1B & DE1 St., My Phuoc 3 Industrial Park,;Ben Cat Town;Bình Duong;82575;Vietnam;SE ASIA;58;50;85;6
Regina Miracle International Vietnam Co., Ltd;FINISHED GOODS;Apparel;Nike;Collegiate;REGINA MIRACLE;No 9 East  West Street VSIP Hai Phong ;Hai Phong;Hai Phong;18000;Vietnam;SE ASIA;2281;2215;71;0
MAXIM IMPRESSION LANKA (PVT) LTD;MATERIALS;Apparel;Nike;;MAXIM;62 4 Habarakada Homagama;Homagama;Colombo;10200;Sri Lanka;S ASIA;192;104;28;0
PT Adis Dimension Footwear;FINISHED GOODS;Footwear;Nike;Collegiate;SHOETOWN;Jl. Raya Serang Km. 24;Tangerang;Banten;15610;Indonesia;S ASIA;8315;8041;51;0
Walt Technology Cambodia Co Ltd;FINISHED GOODS;Equipment;Nike;;ZHEJIANG WALT;SEZ NR 4 PHUM SMACH DEANG;Sihanouk;Krong Preah Sihano;180103;Cambodia;SE ASIA;796;753;40;3
Worldon Vietnam Co., Ltd. (Flyknit);FINISHED GOODS - COMPONENTS;Footwear;Nike;;SHENZHOU;LOT D1 ROAD D4 DONG NAM IP HOA PHU COMMUNE CU CHI DISTRICT;HO CHI MINH CITY;Ho Chi Minh;700000;Vietnam;SE ASIA;1044;954;0;0
Song Lin Garment Sdn Bhd;FINISHED GOODS;Apparel;Nike;;RAMATEX;Lot 2552;Batu Pahat;Johor;83000;Malaysia;S ASIA;853;814;42;92
ECLAT TEXTILE CO., LTD. (VIETNAM);FINISHED GOODS;Apparel;Nike;Collegiate;ECLAT;5A RD NHON TRACH 2 INDUSTRIAL ZONE NHON TRACH DIST;Nhon Trach;Ðng Nai;810000;Vietnam;SE ASIA;5047;4528;90;0
Delta Galil Industries LTD Egypt;FINISHED GOODS;Apparel;Nike;;DELTA EQ GROUP;Delta Textile Shamal El Saeed;El-Minya;AI Minya;61784;Egypt;EMEA;2733;2630;83;0
Acode Sporting Goods Co., Ltd.;FINISHED GOODS;Equipment;Nike;;EXCELLENCE SPORTING GOODS;No 32  VSIP II A Street 31;Bac Tan Uyen;Bình Duong;822710;Vietnam;SE ASIA;432;399;79;0
Sheyang Zhixiang Knitting Clothing Factory;FINISHED GOODS;Apparel;Nike;;ZHIXIANG KNITTING FACTORY;NO 9 TONGGUANG ROAD;YAN CHENG;Jiangsu;224373;China;N ASIA;291;263;86;0
Delta Galil Vietnam Co., Ltd;FINISHED GOODS;Apparel;Nike;Collegiate;DELTA EQ GROUP;Phu Kim Village Cat Trinh Commune;Phu Cat;Bình Ðnh;55000;Vietnam;SE ASIA;3695;2692;75;0
CELERITAS MANUFACTURING S.A.de C.V. PLAN DE LA LAGUNA;FINISHED GOODS;Apparel;Nike;;INDUSTRIAS MERLET;Calle Circunvalacion No 1 Poligono A;Antiguo Cuscatlan ;La Libertad;01502;El Salvador;AMERICAS;278;261;60;0
UAB Haltex;FINISHED GOODS;Apparel;Nike;;UAB HALTEX;Audeju str;Alytus;Alytaus Apskritis;62175;Lithuania;EMEA;310;258;91;2
Paxar Packaging Guangzhou Ltd.;MATERIALS;Apparel;Nike;;AVERY DENNISON;Tan Shan Village  Hua Long Town  Panyu;Guangzhou;Guangdong;511434;China;N ASIA;3915;2678;47;0
MDK Embroideries Garments Co., Ltd;FINISHED GOODS;Apparel;Nike;;THUAN PHUONG;09 09A To Ky Str Trung My Tay Ward Dist 12;Ho Chi Minh City;Ho Chi Minh;70000;Vietnam;SE ASIA;1002;834;72;0
Jinadasa Bennett (Pvt) Ltd. Mawathagama;FINISHED GOODS;Apparel;Nike;;FOUNDATION GARMENTS;Lot 03 EPZ Denver Estate Mawathagama;Kurunegala;Kurunegala;60060;Sri Lanka;S ASIA;1297;989;85;0
SIGMA VIETNAM INDUSTRIAL CO.,LTD;FINISHED GOODS;Equipment;Nike;;SIGMA;AV AVI GIAO LONG INDUSTRIAL PARK II AN PHUOC COMMUNE;BENTRE;Bn Tre;86000;Vietnam;SE ASIA;842;798;75;1
PAIHO (WUXI 1);MATERIALS;Footwear;Nike;;PAIHO GROUP;NO 18 HEXIN RD XISHAN ECONOMIC DEVELOPMENT ZONE;WUXI CITY;Jiangsu;214101;China;N ASIA;871;615;80;3
PT Mercindo Global Manufaktur;FINISHED GOODS;Equipment;Nike;;MERCINDO;Jl Raya Semarang Bawen Km 29 Desa Samban Bawen;Ungaran;Jawa Tengah;50661;Indonesia;S ASIA;2742;2016;72;0
Wan Way;FINISHED GOODS;Equipment;Nike;Collegiate;WAN WAY;No 89 Sec 4;Tainan;Tainan;70966;Taiwan;N ASIA;9;6;33;0
Colltex Garment Mfy Co., Ltd.(VN);FINISHED GOODS;Apparel;Nike;Collegiate;ECLAT;Lot 28 Road No7 Trang Bang Industrial Park;Trang Bang;Tây Ninh;843440;Vietnam;SE ASIA;2133;2010;90;0
Far Eastern Dyeing & Finishing (SuZhou) LTD;MATERIALS;Apparel;Nike;Collegiate;FAR EASTERN;No 1688 Yinzhong S Road Hedong Industry Park;Suzhou;Jiangsu;215128;China;N ASIA;647;232;41;0
SHAHI EXPORTS PVT LTD UNIT 26;FINISHED GOODS;Apparel;Nike;Collegiate;SHAHI;Plot No 44 51 SY;Mandya;Karnataka;571428;India;S ASIA;5513;5069;84;0
PT Shoetown Kasokandel Indonesia;FINISHED GOODS - COMPONENTS;Footwear;Nike;Collegiate;SHOETOWN;Jalan Raya Sumedang Cirebon;Majalengka;Jawa Barat;45453;Indonesia;S ASIA;4277;3801;49;0
Honways Apparel Shuyang Limited;FINISHED GOODS;Apparel;Nike;;HONSIN;No 6 Jiaxing Road East Shuyang Economic Dev Zone;Jiangsu Province;Jiangsu;223600;China;N ASIA;306;191;89;0
Weifang Aoxiang Sports Products Co., Ltd;FINISHED GOODS;Equipment;Nike;;WEIFANG AOXIANG SPORTS;Xilianzitun Village Wangjiazhuang Street;Weifang;Shandong;262105;China;N ASIA;25;20;0;0
Unichela (Pvt)Ltd, Vidiyal Division;FINISHED GOODS;Apparel;Nike;;MAS HOLDINGS;Bharathipuram Road;Kilinochchi;Kilinochchi;44000;Sri Lanka;S ASIA;2014;1690;100;0
SAMIL TEXTILE CO LTD (Korea);MATERIALS;Footwear;Nike;;SAMIL;191 7  Noksansaneopjungro;Busan;Busan Gwangyeogsi;46753;South Korea;N ASIA;38;15;52;0
RJ Liebe Athletic Lettering Co. (Downtown);FINISHED GOODS;Apparel;Nike;;RJ LIEBE ATHLETIC LETTERING;2720 Washington;ST. Louis;Missouri;63103;USA;AMERICAS;14;12;100;0
The Emblem Source;FINISHED GOODS;Apparel;Nike;Collegiate;EMBLEM SOURCE;4417 Westgrove Drive;Addison;Texas;75001;USA;AMERICAS;18;16;0;0
Vung Tau Orient Co., Ltd;FINISHED GOODS;Equipment;Nike;Collegiate;FENG TAY AC;11 Road Dong Xuyen Industrial Zone Ward Rach Dua;Vung Tau;Bà Ra - Vung Tàu;78000;Vietnam;SE ASIA;1326;1268;61;0
DONGGUAN JUN SHENG FOOTWEAR PARTS CO LTD (KURIM DONGGUAN) (CHINA);MATERIALS;Footwear;Nike;;KURIM;XINXING INDUSTRIAL ZONE XINLIAN VILLAGE;DONGGUAN, GUANGDONG;Guangdong;523917;China;N ASIA;140;109;0;0
VIETNAM CHINGLUH SHOES CO. Ltd.;FINISHED GOODS;Footwear;Nike;Collegiate;CHING LUH;Thuan Dao Ind Park;Ben Luc;Long An;700000;Vietnam;SE ASIA;16387;13719;80;0
HUA FENG (CHINA);MATERIALS;Footwear;Nike;;HUA FENG TEXTILE;Wood Processing Zone;Putian;Fujian;351146;China;N ASIA;316;303;34;0
Qingdao Changshin Shoes Co., LTD. Jimo Factory;FINISHED GOODS;Footwear;Nike;;CHANGSHIN;Mocheng Road59 2;Qingdao;Shandong;266200;China;N ASIA;345;279;42;0
Dongguan Youkai Industrial Co., Ltd;FINISHED GOODS;Equipment;Nike;Collegiate;DONGGUAN YOUKAI;Room 501 Building 2 No 11 Dalingshan Hupan Nan Yi Jie;Dongguan;Guangdong;523000;China;N ASIA;15;11;23;0
SHANGHAI YKK ZIPPER CO LTD (MINGHANG BRANCH);MATERIALS;Footwear;Nike;;YKK;No 468 Luchun Road;Shanghai;Shanghai;200245;China;N ASIA;1137;899;1;0
ASIATAN (CHINA);MATERIALS;Footwear;Nike;;ASIATAN;93 TIANHE W ROAD BAI SHA VILLAGE;Jiangmen City;Guangdong;529000;China;N ASIA;340;264;52;0
Vietnam Chingluh Shoes Co., Ltd - Vinh Long Branch;FINISHED GOODS;Footwear;Nike;;CHING LUH;LOT G2 G8;VINH LONG;Vinh Long;89000;Vietnam;SE ASIA;1070;898;66;0
CHANG SHIN DONG NAI COMPANY LTD;FINISHED GOODS;Footwear;Nike;;CHANGSHIN;LO IV II TAN PHU INDUSTRIAL ZONE;Dong Nai;Ðng Nai;76000;Vietnam;SE ASIA;3311;2962;93;0
DECOTEX INTERNATIONAL, Ldta de C.V.;FINISHED GOODS;Apparel;Nike;;TEGRA;American Industrial Park;Ciudad Arce;La Libertad;05002;El Salvador;AMERICAS;1237;849;54;0
Shaanxi White River Apparel CO., LTD.;FINISHED GOODS;Apparel;Nike;;SPORTS CITY;South of Lijiazhuo community;Weinan City;Shaanxi;715600;China;N ASIA;800;470;55;0
RAMATEX TEXTILES (NANTONG) LTD;FINISHED GOODS;Apparel;Nike;;RAMATEX;518 YAN HAI ROAD;NANTONG CITY;Jiangsu;226156;China;N ASIA;105;100;1;0
Shoetown Footwear Co.,Ltd;FINISHED GOODS;Footwear;Nike;Collegiate;SHOETOWN;Bapian Village Xuanzhen Road;Qingyuan City;Guangdong;511800;China;N ASIA;10975;8777;89;0
FORMOSA TAFFETA CO., LTD.;MATERIALS;Apparel;Nike;;FORMOSA TAFFETA;317 Shuliou Road;Touliou;Yunlin;640;Taiwan;N ASIA;1868;1442;38;37
Der Will S.A.;FINISHED GOODS;Equipment;Nike;Collegiate;DER WILL;Monsenor de Andrea 3333 Villa de Mayo;Buenos Aires;Buenos Aires;1614;Argentina;AMERICAS;252;239;61;8
KUO YUEN (VIETNAM) TAY NINH;MATERIALS;Footwear;Nike;;KUO YUEN;Thanh Thanh Cong Industrial Zone;Trang Bang;Tây Ninh;840000;Vietnam;SE ASIA;494;425;40;0
HUA FENG (VIETNAM);MATERIALS;Footwear;Nike;;HUA FENG TEXTILE;Road No 6 Nhon Trach 6 Industrial Park;Phuoc An;Ðng Nai;76276;Vietnam;SE ASIA;993;534;0;36
WILSON (VIETNAM) LTD;FINISHED GOODS - COMPONENTS;Apparel;Nike;;WILSON GARMENT;Lot B5 1 Road D11;Trang Bang;Tây Ninh;840000;Vietnam;SE ASIA;605;460;55;8
CAN SPORTS VIETNAM CO., LTD;FINISHED GOODS;Footwear;Nike;;SPORTS GEAR;THUAN HOA HAMLET TRUONG MIT COMMUNE;Tay Ninh;Tây Ninh;730000;Vietnam;SE ASIA;6591;4941;72;0
CHANG SHIN INDONESIA;FINISHED GOODS;Footwear;Nike;;CHANGSHIN;JL DUSUN GINTUNGKOLOT;KARAWANG;Jawa Barat;41371;Indonesia;S ASIA;15834;15194;90;0
TREMON SPORTING GOODS ENTERPRISE CO.,LTD (A STRIKER);FINISHED GOODS;Equipment;Nike;;TREMON;Lot 24 Road No6 Trang Bang Industrial Park;Tay Ninh;Tây Ninh;80000;Vietnam;SE ASIA;574;501;50;1
Dalian YKK Zipper Co.,Ltd.;MATERIALS;Apparel;Nike;;YKK;No 50 Tieshan West Road;Dalian;Liaoning;116000;China;N ASIA;1149;954;1;2
Imperial Winona;FINISHED GOODS;Apparel;Nike;Collegiate;PARAMOUNT;Highway 19;Winona;Missouri;65588;USA;AMERICAS;91;88;60;0
Mas Fabrics Pvt Ltd - Methliya;FINISHED GOODS;Apparel;Nike;;MAS HOLDINGS;Mas Fabric Park;Kegalle;Kegalla;71000;Sri Lanka;S ASIA;2647;2151;86;0
PT YC TEC INDONESIA;FINISHED GOODS - COMPONENTS;Footwear;Nike;;YC TEC CORPORATION;Kp Cisantri RT 002 RW001;Purwakarta;Jawa Barat;41181;Indonesia;S ASIA;892;760;60;1
Shoetown Hunan FOOTWEAR CO.,LTD;FINISHED GOODS;Footwear;Nike;Collegiate;SHOETOWN;Deng Ta Road, Qiyang Development Zone;YongZhou City;Hunan;426100;China;N ASIA;2505;2115;86;0
VERTEX APPAREL 2022 CO.,LTD.;FINISHED GOODS;Apparel;Nike;Collegiate;HI TECH;18 Moo 2 Nonphueng Warinchamrap;Ubonratchathani;Ubon Ratchathani;34190;Thailand;SE ASIA;1091;837;74;23
Di Seta (Cambodia) Co.,Ltd;FINISHED GOODS;Equipment;Nike;;DI SETA (CAMBODIA);Vattanac Industrial Park II National Road 3;Phnom Penh;Phnom Penh;120505;Cambodia;SE ASIA;489;456;0;0
Berry Apparel (Cambodia) Co., Ltd.;FINISHED GOODS;Apparel;Nike;;RAMATEX;Phum Chumpou Voin;Phnom Penh;Phnom Penh;120911;Cambodia;SE ASIA;1240;1079;89;0
DUCKSAN CO LTD (Vietnam);MATERIALS;Footwear;Nike;;DUCKSAN;Lot A4 Dat Cuoc Industrial Dat Cuoc ward;Bac Tan Uyen;Bình Duong;590000;Vietnam;SE ASIA;192;137;39;7
UNIPAX VI THANH CO., LTD.;FINISHED GOODS;Apparel;Nike;Collegiate;HWASEUNG CROWN;LOT A13 A17;Vi Thanh ;Hu Giang;95000;Vietnam;SE ASIA;2334;2209;98;0
Staples Promotional Products;FINISHED GOODS;Apparel;Nike;Collegiate;STAPLES CONTRACT AND COMMERCIAL;1520 Albany Place SE;Orange City;Iowa;51041;USA;AMERICAS;293;259;81;0
TONG HONG TANNERY CO LTD (CHINA);MATERIALS;Footwear;Nike;;TONG HONG;HEPU COUNTY;Bekasi;Guangxi;536000;China;N ASIA;1050;850;40;0
Sterling Apparel Manufacturing L.L.C. Sahab;FINISHED GOODS;Apparel;Nike;;MAS HOLDINGS;Building D Altajamouat Industrial City;Sahab;Amman;11636;Jordan;EMEA;1968;1525;75;95
SUMBER MASANDA JAYA, PT;FINISHED GOODS;Footwear;Nike;;PRATAMA;Jl Raya Bangsri ;Brebes;Jawa Tengah;52253;Indonesia;S ASIA;13896;12343;85;0
Sarno Display S.r.l. SOCIETA' BENEFIT;FINISHED GOODS;Equipment;Nike;;GATTO;Via Galileo Galilei 30;Carnate;Lombardia;20866;Italy;EMEA;90;60;58;3
Sato knit Co., Ltd;FINISHED GOODS;Apparel;Nike;;SATO KNIT;2653 -1 Kitahama-machi;Amakusa-city;Kumamoto;863 0011;Japan;N ASIA;42;39;92;51
LION BROTHERS (SHENZHEN) CO. LTD.;FINISHED GOODS - COMPONENTS;Apparel;Nike;;LION BROTHERS;101 201 301 501 Building B Hongfa Industrial Town;Shenzhen;Guangdong;518103;China;N ASIA;386;276;51;0
Feng Tay Enterprises Co., Ltd;FINISHED GOODS;Footwear;Nike;;FENG TAY;No 52 Kegong 8th Road;Douliou;Yunlin;640;Taiwan;N ASIA;1860;247;50;0
Far Eastern Apparel Limited Vietnam;FINISHED GOODS;Apparel;Nike;Collegiate;FAR EASTERN;St 32 12A VSIP II A;Binh Duong;Bình Duong;750000;Vietnam;SE ASIA;1703;1315;73;0
Delta Socks Ltd.;FINISHED GOODS;Equipment;Nike;;DELTA EQ GROUP;INDUSTRIAL ZONE 1 HAYOTZRIM ST;KARMIEL;H_efa;20100;Israel;EMEA;205;13;60;0
East Wind Footwear Company Limited (India Branch) - Unit 2;FINISHED GOODS;Footwear;Nike;;FENG TAY;Plot No 3E Unit 2 SIPCOT Industrial Park;Chennai;Tamil Nadu;631701;India;S ASIA;3545;2399;0;0
Xiamen Goge Garment Co., LTD;FINISHED GOODS;Apparel;Nike;;XIAMEN GOGE;Unit 601 No 6900 3  Xiang An West Road  Xiang An District;Xiamen;Fujian;361113;China;N ASIA;30;23;85;0
Viet Khanh Company Limited;FINISHED GOODS;Apparel;Nike;Collegiate;SOUTH ISLAND;Hoa Phuc Hamlet;Tien Giang;Tin Giang;860000;Vietnam;SE ASIA;1219;1019;69;0
HAYAFUJI;FINISHED GOODS;Footwear;Nike;;HAYAFUJI;96 9;Kyoto-shi;Kyoto;603-8487;Japan;N ASIA;5;4;50;0
AVERY DENNISON (GUANGZHOU) CONVERTED PRODUCTS LTD.;MATERIALS;Footwear;Nike;;AVERY DENNISON;7 Guangyi Road Nansha District;Guangzhou;Guangdong;511458;China;N ASIA;2589;1598;56;0
JK GARMENTS (PRIVATE) LIMITED;FINISHED GOODS;Apparel;Nike;;HONSIN;MADAGALLA ROAD, IBBAGAMUWA;KURUNEGALA;Kurunegala;60500;Sri Lanka;S ASIA;1081;908;86;0
HESHAN TOP EAGLE GARMENT LTD.;FINISHED GOODS;Apparel;Nike;;NICE APPAREL;NO 001 DISTRICT 3 OF HECHENG INDUSTRIAL PARK;Heshan;Guangdong;529727;China;N ASIA;493;293;95;0
Pilotknit Sport Wear Co.,ltd.;FINISHED GOODS;Apparel;Nike;;PILOT;89 13 Moo 2 Rama ll Road T Kokkrabur;Muang;Samut Sakhon;74000;Thailand;SE ASIA;735;639;64;82
PT Morich Indo Fashion;FINISHED GOODS;Apparel;Nike;;MORICH;JL RAYA KARANGJATI KM 25 GEMBONGAN KARANGJATI BERGAS;UNGARAN;Jawa Tengah;50552;Indonesia;S ASIA;2791;2656;78;0
Vertical Knits S.A. de C.V.;FINISHED GOODS;Apparel;Nike;Collegiate;VERTICAL KNITS;CALLE 20 131 C X 27 Y 29;Baca;Yucatán;97450;Mexico;AMERICAS;1947;1052;53;0
Textiles La Paz, L.L.C.;FINISHED GOODS;Apparel;Nike;;FUN TEES;Zona Franca El Pedregal;El Rosario La Paz;La Paz;28026;El Salvador;AMERICAS;2153;1638;57;0
JOONGANG DYEING FABRIC CO., LTD;MATERIALS;Footwear;Nike;;JOONGANG TEXTILE;17 Hasinbeonyeong ro;Busan;Busan Gwangyeogsi;49432;South Korea;N ASIA;30;15;12;33
SUNNY JET HOSIERY (CAMBODIA) CO.LTD;FINISHED GOODS;Apparel;Nike;;SUNNY JET;National Road 02;Phnom Penh;Taakaev;210810;Cambodia;SE ASIA;428;409;70;1
PAIHO (TAIWAN)- Knitting;MATERIALS;Footwear;Nike;;PAIHO GROUP;NO 575 HO KANG ROAD HO MEI TOWN CHANG HUA HSIEN;CHANG HUA HSIEN;Changhua;50844;Taiwan;N ASIA;800;434;58;59
Song Hong Garment JSC - Song Hong 7 Branch: Factory 11,12,13,14;FINISHED GOODS;Apparel;Nike;;SONG HONG;Industrial Cluster Yen Dinh Town Hai Hau District;Nam Dinh;Nam Ðnh;428200;Vietnam;SE ASIA;1913;1678;80;0
Paramount Apparel International, LLC.;FINISHED GOODS;Apparel;Nike;Collegiate;PARAMOUNT;1916 Imperial Way;Bourbon;Missouri;65441;USA;AMERICAS;290;90;60;0
Ramatex Apparel Suzhou Ltd.;FINISHED GOODS;Apparel;Nike;;RAMATEX;115 Ting Nan Lu, Wei Ting Town, Suzhou Industrial Park;Suzhou;Jiangsu;215121;China;N ASIA;349;303;92;0
Vo Nhai 1 Garment Branch – TNG Investment and Trading JSC;FINISHED GOODS;Apparel;Nike;;VO NHAI 1 GARMENT BRANCH;Cay Bong Industrial Park La Hien Commune Vo Nhai District;Thai Nguyen;Thái Nguyên;24000;Vietnam;SE ASIA;704;624;75;0
SAN FANG (TR1) (TAIWAN);MATERIALS;Footwear;Nike;;SAN FANG;NO 402 FENGREN ROAD;Kaohsiung;Kaohsiung;814;Taiwan;N ASIA;632;396;12;14
DASS Nordeste Calcados e Artigos Esportivos LTDA.;FINISHED GOODS;Footwear;Nike;;DASS;RUA PROFESSORA MARIA LIA CELIA VELLAME;SANTO ESTEVAO;Bahia;44190-000;Brazil;AMERICAS;6012;4452;55;0
AVERY DENNISON INDIA PVT LTD;MATERIALS;Apparel;Nike;;AVERY DENNISON;6B 1st Main Road;Bangalore;Karnataka;560058;India;S ASIA;398;389;0;0
XingNing City XinChang Shoes Co., LTD. YeTang Branch;FINISHED GOODS - COMPONENTS;Footwear;Nike;;DEAN SHOES;West side of Tongzhong Road Line S225;Meizhou;Guangdong;514000;China;N ASIA;304;292;70;0
Pacific Athletic Wear, Inc. ;FINISHED GOODS;Apparel;Nike;;PACIFIC ATHLETIC WEAR;7340 Lampson Avenue;Garden Grove;California;92841;USA;AMERICAS;101;86;65;0
BAIKSAN (KOREA);MATERIALS;Footwear;Nike;;BAIKSAN;10 Noksansandan 382 ro;Busan;Gyeongsangnamdo;46757;South Korea;N ASIA;57;30;0;0
Avery Dennison Tekstil Urunleri Sanayi ve Ticaret Ltd. Sti.;MATERIALS;Apparel;Nike;;AVERY DENNISON;Gocerler Mahallesi Baskomutan Ataturk Caddesi;Tekirdag;Tekirdag;59600;Turkey;EMEA;428;307;51;0
Dong Guan Goldenprene Sporting Goods Co., Ltd.;FINISHED GOODS;Equipment;Nike;Collegiate;GUANG DER;Number 17 West Jinfu Road;Liaobu Town, Dong Guan;Guangdong;523406;China;N ASIA;731;581;67;0
YOUNGIL (INDONESIA);MATERIALS;Footwear;Nike;;YOUNGIL LEATHER;GRAHA BALARAJA INDUSTRIAL ESTATE E3 E5;Tangerang Banten;Banten;15610;Indonesia;S ASIA;299;219;9;0
JIANGSU JINHUBAO GARMENT CO., LTD;FINISHED GOODS;Apparel;Nike;;DECOR;LIDIAN TOWN GUANGLING DISTRICT;YANGZHOU;Jiangsu;225106;China;N ASIA;141;122;85;0
PT PRATAMA ABADI INDUSTRI;FINISHED GOODS;Footwear;Nike;;PRATAMA;Jalan Raya Bandung Tasikmalaya KM 43 Desa Cijolang;Garut;Jawa Barat;44186;Indonesia;S ASIA;8591;7791;94;0
LEE BOU INTERNATIONAL BINH DUONG INT'L. CO., LTD;FINISHED GOODS - COMPONENTS;Apparel;Nike;Collegiate;LEE BOU LABEL ENTERPRISE;VSIP 2 A 10 NUMBER 30 STREET;Tan Uyen Town;Bình Duong;590000;Vietnam;SE ASIA;252;155;0;10
Evermax Garment Accessories (Cambodia)Co., LTD;MATERIALS;Apparel;Nike;;MAXIM;Phum Trapeang Thnong;Khan Por Sen Chey;Phnom Penh;120901;Cambodia;SE ASIA;60;47;44;0
BRANCH 1 OF GREENTECH HEADGEAR CO., LTD IN DONG NAI;FINISHED GOODS;Apparel;Nike;Collegiate;ASIAN SOURCING HEADWEAR;ROAD No 3 NHON TRACH 2 IZ NHON PHU;NHON TRACH;Ðng Nai;810000;Vietnam;SE ASIA;1680;1400;80;0
VINH TIEN GARMENT JOINT STOCK COMPANY;FINISHED GOODS;Apparel;Nike;Collegiate;SOUTH ISLAND;1A Hung Dao Vuong;Vinh Long;Vinh Long;850000;Vietnam;SE ASIA;1437;1215;73;0
PT Jinlin Luggage Indonesia;FINISHED GOODS;Equipment;Nike;;FORMOSA;JI Raya Jepara Kudus KM 28 Sengonbugel Mayong Kab;JEPARA;Jawa Tengah;59465;Indonesia;S ASIA;1350;1181;31;2
CHANG SHIN VIETNAM COMPANY, LTD.;FINISHED GOODS;Footwear;Nike;;CHANGSHIN;Thanh Phu Vinh Cuu Dong Nai;Dong Nai;Ðng Nai;76000;Vietnam;SE ASIA;34190;30898;77;0
COCALQUI COOPERATIVA DE TRABALHO DA INDUSTRIA DE CALCADOS DE QUIXERAMOBIM LTDA.;FINISHED GOODS;Footwear;Nike;;ANIGER;AV JOSE G PINHEIRO 155 EDMILSON CORREIA;QUIXERAMOBIM;Ceará;63800-000;Brazil;AMERICAS;5554;5084;53;0
POVOLO SRL;FINISHED GOODS;Apparel;Nike;;POVOLO;VIA GRAN BRETAGNA 1;Gallarate;Varese;21013;Italy;EMEA;24;16;92;31
Men-Chuen Viet Nam Co., Ltd. (Nhon Trach VI);FINISHED GOODS - COMPONENTS;Apparel;Nike;;MEN CHUEN;ROAD NO 9 Nhon Trach VI Industrial Park;Nhon Trach;Ðng Nai;810000;Vietnam;SE ASIA;305;191;0;8
PT Victory Chingluh Indonesia;FINISHED GOODS;Footwear;Nike;;CHING LUH;JL Raya Pasarkemis Rajeg;Tangerang;Banten;15560;Indonesia;S ASIA;4175;3645;55;0
Olive Apparel (Cambodia) Co., Ltd.;FINISHED GOODS;Apparel;Nike;;RAMATEX;National Road No 3 Phum Prey Kambot;Phnom Penh;Phnom Penh;120910;Cambodia;SE ASIA;1473;1304;89;0
PT. Kanindo Makmur Jaya;FINISHED GOODS;Equipment;Nike;Collegiate;KANAAN;Jalan Raya Jepara Kudus;Jepara;Jawa Tengah;59462;Indonesia;S ASIA;6030;5929;62;0
South Island Garment Sdn Bhd;FINISHED GOODS;Apparel;Nike;Collegiate;SOUTH ISLAND;2468 Solok Perusahaan Dua;Perai;Pulau Pinang;13600;Malaysia;S ASIA;601;325;53;83
EVEREST TEXTILE CO LTD;MATERIALS;Apparel;Nike;;EVEREST TEXTILE;No 256 Minghe Village;Tainan City;Tainan;743002;Taiwan;N ASIA;1423;1087;51;47
Big Game Sports;FINISHED GOODS;Equipment;Nike;Collegiate;BIG GAME SPORTS;13835 Welch Rd;Dallas;Texas;75244;USA;AMERICAS;69;50;36;0
PT Semarang Garment;FINISHED GOODS;Apparel;Nike;Collegiate;ONTIDE;JL Soekarno Hatta Km 25;Semarang;Jawa Tengah;50552;Indonesia;S ASIA;3851;3462;94;0
Charmgo (Cambodia) Co. Ltd;FINISHED GOODS;Apparel;Nike;;CHARMGO;Pham Bostanei Kuhn Kaheing Srok Samrongtong Kampong Spey;Kampong Spey;Kampong Spueu;05207;Cambodia;SE ASIA;1557;1526;71;1
SAN FANG (TR1) (CHINA);MATERIALS;Footwear;Nike;;SAN FANG;YUE YUEN INDUSTRIAL PARK;DONGGUAN;Guangdong;511700;China;N ASIA;307;225;20;0
Song Hong - Nghia Hung Garment Joint Stock Company;FINISHED GOODS;Apparel;Nike;;SONG HONG NGHIA HUNG COMPANY;Team 12 Nghia Phong Town Nghia Hung District;Nam Dinh;Nam Ðnh;426710;Vietnam;SE ASIA;1802;1678;80;0
MAXPORT LIMITED VIET NAM NAM DINH BRANCH MAXPORT 05;FINISHED GOODS;Apparel;Nike;Collegiate;MAXPORT;Lot No85 Map No44;Nam Dinh;Nam Ðnh;42000;Vietnam;SE ASIA;1370;1123;83;0
Fu-Luh Shoes Co., LTD;FINISHED GOODS;Footwear;Nike;;CHING LUH;Tri Yen Hamlet Tan Kim Commune Can Giuoc County;Long An;Long An;82500;Vietnam;SE ASIA;10728;9539;76;0
TIONG LIONG-Tiong Liong Industrial Co., Ltd. (Lamination);MATERIALS;Footwear;Nike;;TIONG LIONG GROUP;NO 8 Lane 758 SEC 3 ZHONGQING RD;Taichung City;Taichung;428;Taiwan;N ASIA;55;29;0;14
CHANG SHIN VIETNAM CO., LTD;FINISHED GOODS;Footwear;Nike;;CHANGSHIN;Lot C Loc An Binh Son Industrial Zone;Long Thanh District;Ðng Nai;00061;Vietnam;SE ASIA;5828;5291;89;0
Thuan Phuong Embroideries Garments Co., Ltd - Binh Chanh Factory 2;FINISHED GOODS;Apparel;Nike;;THUAN PHUONG EMBROIDERIES GARMENTS CO., LTD - BINH CHANH FACTORY 2;Provincial Road 835A  Loc Tien Hamlet  My Loc Commune;Can Giuoc District;Long An;82509;Vietnam;SE ASIA;771;724;0;0
Future Garment Co., Ltd.;FINISHED GOODS;Apparel;Nike;;HI TECH;211/18-26 Nonsee Road , Chongnonsee  Yannawa ;Bangkok;Bangkok;10120;Thailand;SE ASIA;430;360;66;92
ELITE SPORTSWEAR L.P.;FINISHED GOODS;Apparel;Nike;;ELITE SPORTSWEAR;2136 NORTH 13TH STREET;READING;Pennsylvania;19604;USA;AMERICAS;416;188;0;0
Qingyuan City Liannan Yao Nationality Autonomous County Rongfang Footwear;FINISHED GOODS;Footwear;Nike;Collegiate;SHOETOWN;50 Yan Jiang East Road,San Jiang Town Lian Nan County;QING YUAN;Guangdong;513300;China;N ASIA;705;652;96;0
Cheng Horng Industrial Co., Ltd.;MATERIALS;Apparel;Nike;;LITTLE KING;No 230 Hongzun Road;Taoyuan;Taoyuan;324;Taiwan;N ASIA;120;101;22;43
Dongguan Dingjia Sporting Goods Co.,Ltd.;FINISHED GOODS;Equipment;Nike;;DONGGUAN DINGJIA;No24Huanshi South RoadTangxiaTownDongguan;dongguan;Guangdong;523726;China;N ASIA;20;16;0;0
GreenTech Headgear Company Limited;FINISHED GOODS;Apparel;Nike;;ASIAN SOURCING HEADWEAR;D02 Street Chau Duc Industrial Zone;Chau Duc;Bà Ra - Vung Tàu;78000;Vietnam;SE ASIA;2086;1930;58;0
Apple Apparel (Cambodia) Co., Ltd.;FINISHED GOODS;Apparel;Nike;;RAMATEX;Phum Chumpou Voin;Phonm Penh;Phnom Penh;120911;Cambodia;SE ASIA;584;509;79;0
Annora Vietnam  Footwear Co.,Ltd;FINISHED GOODS;Footwear;Nike;;HUALI;Nghi Son Economic Zone Dao Duy Tu Ward ;Nghi Son Township;Thanh Hóa;456400;Vietnam;SE ASIA;21878;19845;90;0
TKG TAEKWANG VINA JOINT STOCK COMPANY-MY THO BRANCH;FINISHED GOODS - COMPONENTS;Footwear;Nike;;TAEKWANG;864 Street C group;My Tho;Tin Giang;860000;Vietnam;SE ASIA;6429;5854;94;0
Pou Chen Corporation;FINISHED GOODS;Footwear;Nike;;POU CHEN;No 2 Fugong Rd;Changhua;Changhua;506027;Taiwan;N ASIA;1654;476;64;0
Vietnam Golden Victory Co., Ltd.;FINISHED GOODS;Footwear;Nike;Collegiate;STELLA;DONG BINH VILLAGE DONG THINH WARD NGHIA HUNG DISTRICT;Nam Dinh;Nam Ðnh;420000;Vietnam;SE ASIA;9040;8150;80;0
Zhejiang Guangtai Delta Socks Co. Ltd.;FINISHED GOODS;Equipment;Nike;Collegiate;DELTA EQ GROUP;36 Kaixiang Avenue;Datang Street Zhuji;Zhejiang;311812;China;N ASIA;215;164;65;0
Oriental Garment Co., Ltd – Nongbuadang;FINISHED GOODS;Apparel;Nike;;ORIENTAL GARMENT;178 Moo 17;Nongbuadang;Chaiyaphum;36210;Thailand;SE ASIA;292;289;71;0
EUN SUNG GLOBAL CO LTD (KOREA);MATERIALS;Footwear;Nike;;EUN SUNG GLOBAL;39 DONGBUK RO 473 BEON GIL;Gimhae, Gyeongnam;Gyeongsangnamdo;621 010;South Korea;N ASIA;38;14;38;0
Dae Young Vina;FINISHED GOODS - COMPONENTS;Footwear;Nike;;DAE YOUNG RUBBER;Ong Dong quarter;Tan Uyen;Bình Duong;75000;Vietnam;SE ASIA;133;118;0;2
Interloop Limited;FINISHED GOODS;Equipment;Nike;;INTERLOOP;7 km Khurrianwala Jaranwala Road;Faisalabad;Punjab;37660;Pakistan;S ASIA;16529;11607;10;0
Textivision;MATERIALS;Apparel;Nike;;FAR EASTERN;C Henry Ford 25 Industrial San Nicolas;Tlalnepantla;México;54030;Mexico;AMERICAS;217;192;0;0
TKG TAEKWANG VINA JOINT STOCK COMPANY;FINISHED GOODS;Footwear;Nike;;TAEKWANG;No 8 Road 9A;BIEN HOA;Ðng Nai;700000;Vietnam;SE ASIA;15894;13390;80;0
Sportek;FINISHED GOODS;Footwear;Nike;;DIAMANT;Milosa Oblica;Kotor Varos;Republika Srpska;78220;Bosnia;EMEA;1998;1835;71;0
KURARAY CO LTD (CLARINO) (TR1) (TR1) (CHINA);MATERIALS;Footwear;Nike;;KURARAY;NO 1568 Dongfang Road Jiaxing;Jiaxing Zhejiang;Zhejiang;314031;China;N ASIA;390;200;60;0
Dass Sul Calcados e Artigos Esportivos Ltda;FINISHED GOODS;Apparel;Nike;;CLASSICO;Marcilio Dias 10;Saudades;Santa Catarina;89868-000;Brazil;AMERICAS;821;443;77;44
Fujian Xiefeng Footwear Co.,Ltd.;FINISHED GOODS;Footwear;Nike;;FENG TAY;NO 888 CHENGHAN WEST ROAD;Putian;Fujian;351131;China;N ASIA;4366;3652;76;0
PT. SHOETOWN LIGUNG INDONESIA;FINISHED GOODS;Footwear;Nike;Collegiate;SHOETOWN;JALAN LANUD SUKANI, DESA BUNTU;MAJALENGKA;Jawa Barat;45456;Indonesia;S ASIA;12034;10223;36;0
SAN FANG (TR1) (VIETNAM);MATERIALS;Footwear;Nike;;SAN FANG;LOT II4 MY XUAN A2 INDUSTRIAL PARK;PHU MY TOWN;Bà Ra - Vung Tàu;78707;Vietnam;SE ASIA;1182;960;20;2
Eagle Nice (Yifeng) Garments Co., Ltd;FINISHED GOODS;Apparel;Nike;;EAGLE NICE;No 76 Gong Zhang Road;Yifeng;Jiangxi;336300;China;N ASIA;1817;1441;98;0
PT ECLAT TEXTILE INTERNATIONAL;FINISHED GOODS;Apparel;Nike;Collegiate;ECLAT;Jl SAPTARENGGA No 11 Kel Wonorejo Kec Kaliwungu;Kendal;Jawa Tengah;51372;Indonesia;S ASIA;4224;4025;95;1
Pingxiang City Guangxuan Footwear Co. Ltd.;FINISHED GOODS - COMPONENTS;Footwear;Nike;Collegiate;SHOETOWN;Zhuting industrial zone, Xuanfeng town, Luxi county Pingxiang city,;Pingxiang;Jiangxi;337000;China;N ASIA;678;607;95;0
Viet Long Hung Garment Company Limited;FINISHED GOODS;Apparel;Nike;Collegiate;SOUTH ISLAND;Hung Thanh Hamlet;Go Cong City;Tin Giang;860000;Vietnam;SE ASIA;2067;1880;68;0
YOU YOUNG (VIETNAM);MATERIALS;Footwear;Nike;;YOU YOUNG;Lot L VIET HUNG 2 INDUSTRIAL PARK;Ben Cat, Binh Duong;Bình Duong;820000;Vietnam;SE ASIA;286;227;15;0
ROLLSPORT VIETNAM FOOTWEAR LIMTED;FINISHED GOODS - COMPONENTS;Footwear;Nike;;HUALI;TAY HO VILLAGE;Tho Xuan;Thanh Hóa;440000;Vietnam;SE ASIA;2305;2216;86;0
Ningbo Shenzhou Knitting Co. Ltd. Nbr 6 Garment Factory;FINISHED GOODS;Apparel;Nike;Collegiate;SHENZHOU;INTERSECTION OF DAGANG ROAD 5th ROAD;NingBo;Zhejiang;315800;China;N ASIA;2352;2100;70;0
NAM THIEN COMPANY LIMITED;FINISHED GOODS;Apparel;Nike;Collegiate;SOUTH ISLAND;Lot IV No 13 No 4 Street;Ho Chi Minh;Ho Chi Minh;700000;Vietnam;SE ASIA;461;396;78;0
KWAN TAT VIET NAM INDUSTRIAL LIMITED;FINISHED GOODS;Apparel;Nike;Collegiate;KWAN TAT VIET NAM INDUSTRIAL LIMITED; T6 147M 6 group;Thuan An;Bình Duong;752118;Vietnam;SE ASIA;117;96;91;11
KUO YUEN (TR1) (CHINA);MATERIALS;Footwear;Nike;;KUO YUEN;NO 2 Jing Cheng 2 Road Huang Jiang Dong Guan China;Dongguan;Guangdong;523750;China;N ASIA;181;95;41;0
Boling Digital (Xiamen) Technology Co.,Ltd;FINISHED GOODS;Apparel;Nike;;HADDAD;No 175 Ji an Road;Xiamen City;Fujian;361100;China;N ASIA;88;80;87;0
TIGAMARO SRL;FINISHED GOODS;Apparel;Nike;;TIGAMARO;Via Cristoforo Colombo 164;Macerata;Macerata;62029;Italy;EMEA;85;72;92;6
Maxport Limited (Viet Nam) - Thai Binh Branch;FINISHED GOODS;Apparel;Nike;;MAXPORT;Lot with area of 110238 m2;Vu Thu;Thái Bình;410000;Vietnam;SE ASIA;2662;2116;75;0
Dass Nordeste Calcados e Artigos Esportivos Ltda;FINISHED GOODS;Footwear;Nike;;DASS;Av Juracy Magalhaes 5100;Vitoria da Conquista;Bahia;45023-490;Brazil;AMERICAS;3970;3770;39;0
MAS Al Safi Apparel Manufacturing LLC - Madaba;FINISHED GOODS;Apparel;Nike;;MAS HOLDINGS;Dulailet Alhamaideh Leb and Mlaih;Madaba;Madaba;11636;Jordan;EMEA;706;622;80;17
YANCHENG XINBO GARMENTS CO LTD;FINISHED GOODS;Apparel;Nike;;DECOR;NO11 CHANGJIANG RD;Yancheng;Jiangsu;224007;China;N ASIA;178;153;94;0
Diamant srl;FINISHED GOODS;Footwear;Nike;;DIAMANT;Viale del Lavoro 8;Sorga;Verona;37060;Italy;EMEA;250;188;70;5
Yangxin Poujia Footwear Co. Ltd.;FINISHED GOODS;Footwear;Nike;;POU CHEN;No 1 Baojia Rd North Industrial Park YangXin HUBEI CHINA;Huangshi;Hubei;435200;China;N ASIA;1801;1485;96;0
ENVA TEXTILE GROUP FOR SOCKS PRODUCTION S.A.E;FINISHED GOODS;Apparel;Nike;;ENVA TEXTILE GROUP;ISMAILIA PUBLIC FREE ZONE;ISMAILIA;AI Isma iliyah;41639;Egypt;EMEA;359;294;59;0
Lotus Footwear Enterprises Ltd. (India Branch) - Unit 1;FINISHED GOODS;Footwear;Nike;;FENG TAY;Plot No 3B SIPCOT Industrial Park;Thiruvannamalai;Tamil Nadu;631701;India;S ASIA;6352;6319;52;0
Tho Xuan Corporation Company Limited;FINISHED GOODS;Apparel;Nike;;THO XUAN CORP;THO XUAN TOWN INDUSTRIAL CLUSTER XUANTRUONG COMMU;Thanh Hoa;Thanh Hóa;40000;Vietnam;SE ASIA;643;601;0;0
ISA INDUSTRIAL CO LTD (VIETNAM);MATERIALS;Footwear;Nike;;ISA;LOT M2 M3 VIET HUONG 2 INDUSTRIAL ZONE AN TAY VILLAGE;Binh Duong;Bình Duong;820000;Vietnam;SE ASIA;684;555;48;0
Atoms., Inc;FINISHED GOODS;Equipment;Nike;;ATOMS;156-4,DAIFUKU;SAKURAI;Nara;6330067;Japan;N ASIA;5;2;0;0
Haivina Hong Linh Co. Ltd;FINISHED GOODS;Equipment;Nike;;HAIVINA HONG;Nam Hong Industrial Zone;Ha Tinh Province;Hà Tinh;480000;Vietnam;SE ASIA;1201;1080;98;0
GB LIGHT CO LTD (VIETNAM);MATERIALS;Footwear;Nike;;GB LIGHT;LOT B2 7;Ho Chi Minh;Ho Chi Minh;75000;Vietnam;SE ASIA;44;20;0;0
Lucky Star Vietnam Garment Company Limited;FINISHED GOODS;Apparel;Nike;;LUCKY STAR;No 108 part of lot D road No 3 Dong An IP Binh Hoa Ward;Thuan An;Bình Duong;820000;Vietnam;SE ASIA;1016;892;76;0
VIETNAM DONA ORIENT CO., LTD;FINISHED GOODS;Footwear;Nike;;FENG TAY;Song May Industrial Zone Bac Son Ward;Trang Bom;Ðng Nai;76000;Vietnam;SE ASIA;8545;8252;64;0
Texlan Center Private Limited;FINISHED GOODS;Equipment;Nike;;INTERLOOP;Weniwalgodalle Estate, Dagonna Road;Minuwangoda;Colombo;11550;Sri Lanka;S ASIA;1093;810;36;0
DUCKSAN CO LTD (KOREA);MATERIALS;Footwear;Nike;;DUCKSAN;76 Opoanro;Gyeonggi Do;Gyeonggido;12774;South Korea;N ASIA;11;10;10;20
JOONGANG TEXTILE CO LTD (WARP/WEFT KNIT);MATERIALS;Footwear;Nike;;JOONGANG TEXTILE;15 Dadae ro 320beon gil;Busan;Busan Gwangyeogsi;49469;South Korea;N ASIA;58;16;43;25
Jiangxi Guangyou Shoetown Footwear Co., Ltd.;FINISHED GOODS;Footwear;Nike;Collegiate;SHOETOWN;Xiangtang village, Xiangtang town;Nanchang;Jiangxi;330201;China;N ASIA;1331;992;84;0
TEXTILES INTERNATIONAL OF EGYPT LTD.;FINISHED GOODS;Apparel;Nike;;TIE TEXTILES;PUBLIC FREE ZONE  NASR CITY;CAIRO;Ash Sharqiyah;11816;Egypt;EMEA;812;695;52;0
KUO YUEN (VIETNAM);MATERIALS;Footwear;Nike;;KUO YUEN;NHON TRACH 3 INDUSTRIAL ZONE NHON TRACH DISTRICT;Dong Nai;Ðng Nai;810000;Vietnam;SE ASIA;240;184;70;6
MAS KREEDA Shadeline ;FINISHED GOODS;Apparel;Nike;;MAS HOLDINGS;MAPAKADEWEWA;MAHIYANGANAYA;Monaragala;90730;Sri Lanka;S ASIA;3385;2879;85;0
Rollsport Vietnam Footwear Limited;FINISHED GOODS;Footwear;Nike;;HUALI;Hoang Long Industrial Zone;Thanh Hoa;Thanh Hóa;440000;Vietnam;SE ASIA;17400;15804;91;0
FORMOSA TAFFETA VIETNAM CO LTD;MATERIALS;Apparel;Nike;;FORMOSA TAFFETA;Section 1 Nhut Chanh Com Ben Luc District;Ben Luc District;Tây Ninh;81000;Vietnam;SE ASIA;1061;920;48;3
SAB Industrial (Vietnam) Co.,Ltd.;MATERIALS;Apparel;Nike;;WEIXING INDUSTRIAL DEVELOPMENT CO LTD;Southern Area A Bim Son Industrial Park;Bac Son Ward Bim Son;Thanh Hóa;40700;Vietnam;SE ASIA;350;300;0;0
Hua Feng Haptic Vietnam;FINISHED GOODS - COMPONENTS;Footwear;Nike;;HUA FENG TEXTILE;Textile Workshop 4th floor;Nhon Trach;Ðng Nai;76266;Vietnam;SE ASIA;243;234;50;4
ORIENTAL GARMENT AN GIANG CO LTD;FINISHED GOODS;Apparel;Nike;;ORIENTAL GARMENT;PLOT K BINH HOA IZ BINH HOA COMMUNE CHAU THANH DISTRICT;AN GIANG;An Giang;90000;Vietnam;SE ASIA;428;357;81;0
GOLD LONG JOHN (TR1) (CHINA);FINISHED GOODS - COMPONENTS;Footwear;Nike;;GOLD LONG JOHN;NO 95 GAO PING INDUSTRIAL ZONE SAN JIAO TOWN;Zhongshan Guangdong;Guangdong;528445;China;N ASIA;267;155;55;0
PT Eagle Nice Indonesia;FINISHED GOODS;Apparel;Nike;;EAGLE NICE;JL Raya Serang;Kabupaten Serang;Banten;42186;Indonesia;S ASIA;2738;1952;73;1
SHANGHAI YKK ZIPPER CO LTD (NANHUI);MATERIALS;Apparel;Nike;;YKK;1258 FeiDu Road Pudong District;Shanghai;Shanghai;201306;China;N ASIA;575;434;1;0
MAXIM SMART MANUFACTURING CO LTD;MATERIALS;Apparel;Nike;;MAXIM;No 398 Jinxiu Rd Yaozhuang Town Jiashan;Jiaxing;Zhejiang;314117;China;N ASIA;705;309;62;0
TTG Co. Ltd.;FINISHED GOODS;Apparel;Nike;Collegiate;SOUTH ISLAND;Lot B1 4;Tien Giang;Long An;3937350;Vietnam;SE ASIA;41;38;42;0
GUANGZHOU JIN HONG YUAN LEATHER PRODUCT CO LIMITED;FINISHED GOODS;Apparel;Nike;;GAUNGZHOU JIN HONG YUAN LEATHER PRODUCT CO., LTD;3rd Floor 1st Building NanHe 1st street;guangzhou;Guangdong;510000;China;N ASIA;30;26;72;0
Shandong Yuanchenghe Garment Co.,Ltd;FINISHED GOODS;Apparel;Nike;Collegiate;FAR EASTERN;Huan cheng Science and Technology Park;Taian City;Shandong;271400;China;N ASIA;176;137;89;0
TCS SRL;FINISHED GOODS;Apparel;Nike;;TCS;VIA REGINA TEODOLINDA 47;Como;Como;22100;Italy;EMEA;17;14;57;0
Grumax;FINISHED GOODS;Apparel;Nike;;GRUPO;Av Lazaro Cardenas S N;Xalapa;Veracruz;91180;Mexico;AMERICAS;494;436;57;0
Maxim Label and Packaging Vietnam Co., Ltd;MATERIALS;Apparel;Nike;;MAXIM;No 33  6th Street;Thuan An;Bình Duong;75209;Vietnam;SE ASIA;726;441;54;0
Marbelys 2;FINISHED GOODS;Apparel;Nike;;MARBELYS;5a Avenida 0 03 zona 2;San Pedro Sacatepequez;Guatemala;01058;Guatemala;AMERICAS;134;128;56;0
EAGLE NICE VIETNAM COMPANY LIMITED;FINISHED GOODS;Apparel;Nike;;EAGLE NICE;New Hamlet 2;Tay Ninh;Tây Ninh;82720;Vietnam;SE ASIA;715;439;55;0
Xinchang Shoes Co.,Ltd;FINISHED GOODS - COMPONENTS;Footwear;Nike;Collegiate;DEAN SHOES;Huafeng Industry Garden;Xinning;Guangdong;510000;China;N ASIA;3769;3401;87;0
XIANG ZHOU LEATHER CO LTD (CHINA);MATERIALS;Footwear;Nike;;XIANG ZHOU LEATHER;Chihu Industry Area Zhangzhou Fujian China;Zhangzhou, Fujian;Fujian;363209;China;N ASIA;410;350;45;0
DAEHWA INDONESIA PT (TR1) (INDONESIA);MATERIALS;Footwear;Nike;;DAEHWA;Bekasi Intl Industrial Estate Block;BEKASI;Jawa Barat;17550;Indonesia;S ASIA;281;222;31;0
Vertex One Apparel Phils., Inc.;FINISHED GOODS;Apparel;Nike;;SPORTS CITY;Crescent Road Lot 8 Block 4;Lapu Lapu City;Cebu;6015;Philippines;N ASIA;2151;1329;40;0
Xiamen Xinduoyu Manufacturing Co., Ltd.;FINISHED GOODS;Apparel;Nike;;XIAMEN XINDUOYU MANUFACTURING;2 of No 32 1 Xinyuan Road Jimei District;Xiamen;Fujian;361000;China;N ASIA;61;53;0;0
Avery Dennison RIS Vietnam Co. Ltd.;MATERIALS;Footwear;Nike;;AVERY DENNISON;LOT E01 TRUNG TAM ROAD;Can Giuoc;Long An;850000;Vietnam;SE ASIA;2560;1926;42;0
Tremon Sporting Goods Enterprise Co.,Ltd;FINISHED GOODS;Equipment;Nike;;TREMON;Road No 5 Trang Bang Industrial Park;Tay Ninh;Tây Ninh;80000;Vietnam;SE ASIA;908;789;48;1
MAS KREEDA PDC & MEC;FINISHED GOODS;Apparel;Nike;;MAS HOLDINGS;Lot 49 58 59 BEPZ;Colombo;Colombo;42000;Sri Lanka;S ASIA;233;119;85;0
TRIMCO GROUP (HONG KONG) CO LTD;MATERIALS;Apparel;Nike;;TRIMCO GROUP;Flat G 8 Floor City Industrial Complex;Kwai Chung;Guangdong;999077;China;N ASIA;186;34;70;0
MAS KREEDA Synergy ;FINISHED GOODS;Apparel;Nike;Collegiate;MAS HOLDINGS;A3 Seethawaka Export Processing zone;Avissawella;Colombo;10700;Sri Lanka;S ASIA;2858;2348;65;0
PT DAEWON ECO INDONESIA;MATERIALS;Footwear;Nike;;DAEWON;Jl Pinang Blok F23 No 11E and 11F Delta Silicon 3;Bekasi;Jawa Barat;17530;Indonesia;S ASIA;37;20;9;25
Ha Noi Garment No. 40 Joint Stock Company;FINISHED GOODS;Apparel;Nike;;MAXPORT;88 Ha Dinh Thanh Xuan Dist;Ha Noi City;Ha Noi;800000;Vietnam;SE ASIA;84;61;80;0
Ajara Textile Ltd (Rustavi);FINISHED GOODS;Apparel;Nike;;MILTEKS;20 Gagarini street Rustavi;Rustavi;Tbilisi;3700;Georgia;EMEA;1118;1038;97;0
Long Yue Shoes Industrial Hui Zhou Co.,Ltd.;FINISHED GOODS - COMPONENTS;Footwear;Nike;Collegiate;DEAN SHOES;Longting Industrial Zone Longxi Town Boluo County;Huizhou;Guangdong;516000;China;N ASIA;414;352;70;0
JIAXING QUANG VIET GARMENT CO., LTD.;FINISHED GOODS;Apparel;Nike;;QUANG VIET;Pingxingxian Tongxinduan 318 Xindai Town;Ping Hu;Zhejiang;314211;China;N ASIA;1436;1322;62;0
PREMIER GLOBAL (VIETNAM) GARMENT FACTORY CO., LTD;FINISHED GOODS;Apparel;Nike;;NICE APPAREL;LOT C  STREET 1 DONG AN INDUSTRIAL PARK BINH HOA WARD;THUAN AN CITY;Bình Duong;82000;Vietnam;SE ASIA;1354;1334;68;0
WP Sports (Cambodia) Co., Ltd.;FINISHED GOODS;Equipment;Nike;Collegiate;WELLPOWER;Trapeang Ta Ei Village;Svaay Rieng;Svaay Rieng;200605;Cambodia;SE ASIA;30;23;95;26
CCH TOP VN CO., LTD.;FINISHED GOODS;Apparel;Nike;;CHUAN CHENG;Tan Thuan Road Tan Thuan;HO CHI MINH;Ho Chi Minh;70000;Vietnam;SE ASIA;1607;1522;85;0
Style Textile(Pvt.) Limited-SAP;MATERIALS;Apparel;Nike;Collegiate;STYLE TEXTILE;Two and half Km off Manga Raiwind Road;Kasur/Lahore;Punjab;55270;Pakistan;S ASIA;12824;12212;1;0
Jade Textile Alexandria  ;FINISHED GOODS;Apparel;Nike;;YESIM;New Borg El Arab city;Alexandria;Ad Daqahliyah;21934;Egypt;EMEA;1191;616;20;0
Gain Lucky (Vietnam) Limited;MATERIALS;Apparel;Nike;Collegiate;SHENZHOU;NO 40 6 N14 Street;Phuoc Dong Ward;Tây Ninh;80700;Vietnam;SE ASIA;10150;9800;46;0
PONY LEATHER CORPORATION (TAIWAN);MATERIALS;Footwear;Nike;;PONY LEATHER CORPORATION;1F No 191 Sec 3 Zhongshan Rd Wubian Vil;Changhua;Changhua;512;Taiwan;N ASIA;173;90;40;0
PT Pratama Abadi Industri;FINISHED GOODS;Footwear;Nike;;PRATAMA;Jl. Raya Serpong Km. 7;Tangerang Selatan;Banten;15325;Indonesia;S ASIA;6332;5085;83;0
Zhejiang Top Circle Textiles Co.,Ltd;FINISHED GOODS;Apparel;Nike;;ZHEJIANG TOP;Building 6 No 671 Xingping 4th Road;Jiaxing;Zhejiang;314200;China;N ASIA;107;94;0;0
Goodmate (Cambodia) Headwears Co., Ltd;FINISHED GOODS;Apparel;Nike;;GOODMATE;Phum Boeng Thom2 Sangkat Boeng Thom Khan Pou Sen Chey;Phnom Penh;Phnom Penh;120907;Cambodia;SE ASIA;384;381;0;0
Xiamen Kaiyuan Technology Co.,Ltd;FINISHED GOODS;Apparel;Nike;;XIAMEN KAIYUAN;2nd floor No 250 Jinting North Road;Xiamen;Fujian;361023;China;N ASIA;24;18;77;0
PHUC TAI TAY NINH CO., LTD;FINISHED GOODS;Footwear;Nike;;SPORTS GEAR;Lot B7 Tan Hoi Industrial cluster;Tay Ninh;Tây Ninh;80000;Vietnam;SE ASIA;425;368;85;0
Avery Dennison RIS Italia S.r.l.;FINISHED GOODS - COMPONENTS;Footwear;Nike;;AVERY DENNISON;Strada Provinciale Bonifica 39 41;Ancarano;Teramo;64010;Italy;EMEA;348;218;42;0
AVERY DENNISON RIS HONDURAS S DE R;FINISHED GOODS - COMPONENTS;Apparel;Nike;;AVERY DENNISON;ZIP BUFALO;Villanueva;Cortés;504;Honduras;AMERICAS;950;800;35;1
Jade Apparel Industries;FINISHED GOODS;Apparel;Nike;;YESIM;3RD INDUSTRIAL ZONE;ALEXANDRIA;AI Iskandariyah;21533;Egypt;EMEA;950;683;34;0
Yichun Yisen Industry Co., Ltd;FINISHED GOODS - COMPONENTS;Footwear;Nike;;POU CHEN;Economic and Technological Development Zone;Yichun city;Jiangxi;336000;China;N ASIA;2788;2386;98;0
PT MAS ARYA INDONESIA;FINISHED GOODS;Apparel;Nike;;MAS HOLDINGS;Tugu Wijaya Road VI 7 Kawasan Industri;Semarang;Jawa;50181;Indonesia;S ASIA;2143;2099;100;1
Fujian Lifeng Footwear Industrial Development CO.,LTD.;FINISHED GOODS;Footwear;Nike;;FENG TAY;Wutang Town Hanjiang District Putian City Fujian Province;Putian;Fujian;351119;China;N ASIA;3291;2752;75;0
Ajara Textile Ltd (Poti);FINISHED GOODS;Apparel;Nike;;MILTEKS;31 Motserelia Str;Poti;Samegrelo-Zemo Sva;4400;Georgia;EMEA;1493;1369;92;0
WELLPOWER SPORTING GOODS CO LTD;FINISHED GOODS;Equipment;Nike;Collegiate;WELLPOWER;NO 112 LIAOFU ROAD;Dongguan;Guangdong;523425;China;N ASIA;680;500;74;0
PT. TKG TAEKWANG CIREBON;FINISHED GOODS;Footwear;Nike;;TAEKWANG;BLOK PRIUK Desa Kelurahan Pabedilan Kulon Kec Pabedilan;Kab Cirebon;Jawa Barat;45193;Indonesia;S ASIA;681;447;0;0
Stretchline (Zhongshan) Limited;MATERIALS;Apparel;Nike;;STRETCHLINE;Industrial area;Zhongshan;Guangdong;528459;China;N ASIA;518;471;34;0
PT. CCH INDONESIA;FINISHED GOODS;Apparel;Nike;;CHUAN CHENG;Jl Desa Giriasih No 16;Bandung Barat;Jawa Barat;40552;Indonesia;S ASIA;1771;1624;61;0
SongSen Garment Suzhou Ltd;FINISHED GOODS;Apparel;Nike;;RAMATEX;168 Liu Feng Road;Suzhou;Jiangsu;215124;China;N ASIA;387;364;80;0
YKK (THAILAND) CO LTD;MATERIALS;Apparel;Nike;;YKK;689 Sukhumvit Rd KM 35;Samutprakarn;Samut Prakan;10280;Thailand;SE ASIA;443;236;1;4
NAN YANG GARMENT CO.,LTD;FINISHED GOODS;Apparel;Nike;Collegiate;NAN YANG;166 168 170 172 Moo 1;Sampran;Nakhon Pathom;73110;Thailand;SE ASIA;1661;1463;65;90
PT. CHANGSHIN  REKSA JAYA;FINISHED GOODS;Footwear;Nike;;CHANGSHIN;Kp Karang Mekar RT 002 RW 008;GARUT;Jawa Barat;44152;Indonesia;S ASIA;10641;10171;97;0
Sun Yuan Optical (Vietnam) Co. Ltd.;FINISHED GOODS;Equipment;Nike;;SUN YUAN OPTICAL (VIETNAM) CO LTD;Lot N3 Road No01 Phuc Long IP Long Hiep Commune;Ben Luc District;Long An;850000;Vietnam;SE ASIA;126;105;27;0
Higuchi Kaban Kobo ;FINISHED GOODS;Equipment;Nike;;CROSTER;2-4-18 Motogo;Saitama;Saitama;332-0011;Japan;N ASIA;17;13;50;15
Viet Long Giang Garment Joint Stock Company ;FINISHED GOODS;Apparel;Nike;;SOUTH ISLAND;Highway 91 Group 9;Can Tho City;Can Tho;900000;Vietnam;SE ASIA;1141;954;78;0
Shishi Maihong Clothing Co., LTD;FINISHED GOODS;Apparel;Nike;;SHISHI HONGTING;2 Fuyuan West Road Shishi City Fujian province China;shishi;Fujian;362799;China;N ASIA;131;107;77;0
Wilson Leather Cambodia Co., LTD.;FINISHED GOODS;Equipment;Nike;;GUANG DER;THLORK VILLAGE;Samraong Tong District;Kampong Spueu;050113;Cambodia;SE ASIA;1295;894;58;6
Green TG Co., Ltd;FINISHED GOODS;Apparel;Nike;;GREEN TEXTILES;Lot AIII-11, Tan Huong Industrial Park , Tan Huong Ward, ;Tien Giang;Tin Giang;82000;Vietnam;SE ASIA;799;708;83;0
Hao’s Fitness Equipment (Shanghai) Co., Ltd. TRADING LTD;FINISHED GOODS;Equipment;Nike;;JOSH SHANGHAI INDUSTRIAL;No188 Gangde Road Songjiang District Shanghai;Shanghai;Shanghai;201616;China;N ASIA;41;35;30;0
SHAOYANG STELLA FOOTWEAR COMPANY LIMITED;FINISHED GOODS;Footwear;Nike;Collegiate;STELLA;JIXIAN ROAD;SHAOYANG CITY;Hunan;422000;China;N ASIA;4389;3838;84;0
Lijing Regina Miracle Intimate Apparel (Zhaoqing) Co., Ltd;FINISHED GOODS;Apparel;Nike;Collegiate;REGINA MIRACLE;No 16 Keji 2nd Road;Zhaoqing;Guangdong;526071;China;N ASIA;249;221;60;0
Chang Wong Industrial Co., Ltd.;FINISHED GOODS;Equipment;Nike;;CHANG WONG INDUSTRIAL;No 139 Lane 92 Feng Nan Street Feng  Yuan District;Taichung City;Taichung;420012;Taiwan;N ASIA;30;22;30;27
The Haddad Apparel Wuxi, Co., LTD;FINISHED GOODS;Apparel;Nike;;HADDAD;Floor 4 No 28 19 Nanhu Center Road;Wuxi;Jiangsu;214125;China;N ASIA;71;48;81;0
Pou Chen Vietnam Enterprise Ltd.;FINISHED GOODS;Footwear;Nike;;POU CHEN;Nguyen Ai Quoc Street, An Hoa Quarter, Hoa An Ward,;Bien Hoa City;Ðng Nai;76113;Vietnam;SE ASIA;16060;12339;83;0
A & K Designs, Inc.;FINISHED GOODS;Apparel;Nike;Collegiate;A & K DESIGNS;8564 NE Alderwood Road;Portland;Oregon;97220;USA;AMERICAS;136;125;73;0
Sewing Jonah;FINISHED GOODS;Apparel;Nike;;SEWING JONAH;11 71 8 Chome Chikami Minami Ku;Kumamoto -city;Kumamoto;861 4101;Japan;N ASIA;28;25;87;12
PT Sport Glove Indonesia ;FINISHED GOODS;Equipment;Nike;Collegiate;PT SPORT;Dusun Krandon Desa Pandowoharjo Sleman Yogyakarta Indonesia;Sleman;Yogyakarta;55512;Indonesia;S ASIA;1659;1423;76;0
PRIME ASIA (VIETNAM);MATERIALS;Footwear;Nike;;PRIME ASIA;LOT V 2 MY XUAN A2 INDUSTRIAL ZONE TAN THANH DISTRICT;VungTau;Bà Ra - Vung Tàu;78000;Vietnam;SE ASIA;1428;940;58;0
DONA VICTOR FOOTWEAR CO., LTD;FINISHED GOODS;Footwear;Nike;;FENG TAY;SONG MAY INDUSTRIAL ZONE BAC SON WARD;TRANG BOM DISTRICT;Ðng Nai;76313;Vietnam;SE ASIA;10748;8619;68;0
TKG TAEKWANG MOC BAI JOINT STOCK COMPANY;FINISHED GOODS;Footwear;Nike;;TAEKWANG;Hiep Thanh Commercial Area, Loi Thuan Commune;Tay Ninh;Tây Ninh;80000;Vietnam;SE ASIA;7039;6378;77;0
Papillion Textile (Cambodia) Co., Ltd;FINISHED GOODS;Apparel;Nike;;TUNTEX; Vattanak II Industry Park National Road No 3;Phnom Penh;Phnom Penh;12412;Cambodia;SE ASIA;1260;1154;95;0
Fujian Zhuojian Garment Technology Co., Ltd;FINISHED GOODS;Apparel;Nike;;FUJIAN ZHUOJIAN;Floor5 No4JinlongRoad;Quanzhou;Fujian;362712;China;N ASIA;98;88;50;0
Hip Keung (Cambodia) Manufacturing Co., Ltd.;FINISHED GOODS;Apparel;Nike;;HIP KEUNG;Preah Khe Village Kahang Commune;Phnom Penh;Kampong Spueu;50802;Cambodia;SE ASIA;895;858;80;1
East Wind Footwear Company Limited (India Branch) - Unit I;FINISHED GOODS;Footwear;Nike;;FENG TAY;Plot No 3D Unit 1 SIPCOT Industrial Park;Chennai;Tamil Nadu;631701;India;S ASIA;4972;4780;69;0
PT Nikomas Gemilang;FINISHED GOODS;Footwear;Nike;;POU CHEN;Jalan Raya Serang KM71 Desa Tambak Kibin;Serang;Banten;42186;Indonesia;S ASIA;23522;19181;84;0
Supertex El Salvador S.A. de C.V.;FINISHED GOODS;Apparel;Nike;;SUPERTEX;Km 76 5 By Pass Norte;Chalchuapa;Santa Ana;02205;El Salvador;AMERICAS;3309;2611;68;0
JINGNING XUANCHEN TECHNOLOGY CO., LTD.;FINISHED GOODS;Apparel;Nike;;JINGNING XUANCHEN TECHNOLOGY;99 Tuanjie East Road Hongxin Street Jingning County;Lishui;Zhejiang;323500;China;N ASIA;48;43;85;0
QINGDAO MAITE FITNESS EQUIPMENT CO.,LTD;FINISHED GOODS;Equipment;Nike;;QINGDAO MAITE;500m North of Yangshankuang Village;Qingdao;Shandong;266205;China;N ASIA;17;9;13;0
Unipax Co., Ltd;FINISHED GOODS;Apparel;Nike;;HWASEUNG CROWN;Lot 101 2 and Lot 101 4 Amata Road 3;Bien Hoa City;Ðng Nai;810000;Vietnam;SE ASIA;1999;1534;98;0
SAMBU FINE CHEMICAL CO LTD (KOREA);MATERIALS;Footwear;Nike;;SAMBU FINE CHEMICAL;167 SEOBU RO 1637 BEON GIL;Gyungnam;Gyeongsangnamdo;50888;South Korea;N ASIA;105;50;19;2
PT Victory Chingluh Indonesia;FINISHED GOODS;Footwear;Nike;;CHING LUH;Jl Otonom Pasar Kemis No 48 and 49;Tangerang;Banten;15560;Indonesia;S ASIA;11562;9585;74;0
Dona Pacific (Vietnam) Co., Ltd.;FINISHED GOODS;Footwear;Nike;;FENG TAY;Song May Industrial Zone Bac Son Ward;Dong Nai;Ðng Nai;76313;Vietnam;SE ASIA;7791;7105;60;0
Ningbo Bell Garment Industrial Co. Ltd;FINISHED GOODS;Apparel;Nike;;NINGBO BELL;No 422 Jianghu Road Jiangbei Investment Zone C;Ningbo;Zhejiang;315033;China;N ASIA;120;98;74;0
Viet Tien Garment Corporation;FINISHED GOODS;Apparel;Nike;;SOUTH ISLAND;7 Le Minh Xuan;Ho Chi Minh;Ho Chi Minh;7000;Vietnam;SE ASIA;1548;1392;75;0
EVEREST TEXTILES CHINA;MATERIALS;Apparel;Nike;;EVEREST TEXTILE;197 Baisha Road Xinghuo Development Zone;Shanghai;Shanghai;200000;China;N ASIA;521;312;47;0
PT PRATAMA ABADI INDUSTRI;FINISHED GOODS;Footwear;Nike;;PRATAMA;Jl Sukabumi Cianjur KM14 Sukabumi West Java;Sukabumi;Jawa Barat;43191;Indonesia;S ASIA;17523;15583;82;0
COSMO-E-MART NON-WOVEN COMPANY LIMITED;MATERIALS;Footwear;Nike;;COSMOPOLITAN TEXTILE;Road 1 Duc Hoa Ha Industrial Park;Duc Hoa District;Long An;850000;Vietnam;SE ASIA;58;36;4;17
DONGGUAN RICHWAY HANDBAG CO., LTD.;FINISHED GOODS;Apparel;Nike;;DONGGUAN RICHWAY;Room 101 4 of 13 Lindong 1st Road Lincun Tangxia Town;Dongguan;Guangdong;523711;China;N ASIA;115;100;0;0
DONGJIN TEXTILE VINA;MATERIALS;Footwear;Nike;;DONGJIN;LOT D8 1 ROAD NO 2;Dong Nai;Ðng Nai;76123;Vietnam;SE ASIA;185;108;35;9
Nanjing 3H Medical Products Co., Ltd.;FINISHED GOODS;Equipment;Nike;;NANJING 3H MEDICAL;No 5 Zhushan Road Gaochun Economic Development Zone;Nanjing ;Jiangsu;211300;China;N ASIA;670;360;0;0
Almaxtex Tekstil Sanayi ve Ticaret A.S.;FINISHED GOODS;Apparel;Nike;Collegiate;YESIM;Karapinar Mah Ankara Yolu Cad;Bursa;Bursa;16580;Turkey;EMEA;2743;1500;53;0
Chun Yu Ribbon ENT Co., Ltd.;MATERIALS;Apparel;Nike;;CHI YANG RIBBON;No 557 Sec, 4 Zhangshui Rd, Pitou Township;Changhua;Changhua;523;Taiwan;N ASIA;129;109;71;24
Cygnus Investments S.A. de C.V.;FINISHED GOODS;Apparel;Nike;;CYGNUS;Km 30 and a half Carretera al Aeropuerto Internacional;Olocuilta;La Paz;01608;El Salvador;AMERICAS;468;403;50;0
Walt Technology Group Co., Ltd.;FINISHED GOODS;Apparel;Nike;;ZHEJIANG WALT;48 Shijing Road;Haining;Zhejiang;314400;China;N ASIA;865;392;85;1
Pinghu Lipai Bags and Luggage Co., Ltd.;FINISHED GOODS;Apparel;Nike;;PINGHU LIPAI;No123 Hehe Road;Pinghu;Zhejiang;314200;China;N ASIA;190;158;75;0
MAS Fabrics (Private) Limited - Matrix;MATERIALS;Footwear;Nike;;MAS HOLDINGS;MAS Fabric park;Warakapola;Kegalla;71610;Sri Lanka;S ASIA;1289;866;46;0
RAMATEX INDUSTRIAL SUZHOU LTD;FINISHED GOODS;Apparel;Nike;;RAMATEX;88 SU HONG XI LU SUZHOU INDUSTRIAL PARK;Suzhou;Jiangsu;215021;China;N ASIA;372;320;92;0
TKG ECO MATERIAL SYNTHETIC (TR1) (KOREA);FINISHED GOODS - COMPONENTS;Footwear;Nike;;TKG ECO MATERIAL;11 Noksansandan 382ro 49beongil Gangseogu;Busan;Busan Gwangyeogsi;46756;South Korea;N ASIA;150;68;6;0
NINGBO SHENZHOU KNITTING CO., LTD;MATERIALS;Apparel;Nike;Collegiate;SHENZHOU;No 18 Yongjiang Rd;Ningbo;Zhejiang;315800;China;N ASIA;5434;4955;38;0
DASS NORDESTE CALÇADOS E ARTIGOS ESPORTIVOS LTDA;FINISHED GOODS;Footwear;Nike;;DASS;RUA JULIO HAUSER, 1640 - BAIRRO 7 DE SETEMBRO;Ivoti;Rio Grande do Sul;93900-000;Brazil;AMERICAS;44;22;40;0
Avery Dennison (Suzhou) Co.,Ltd ;MATERIALS;Apparel;Nike;;AVERY DENNISON;No 56 Yangpu Road;Suzhou;Jiangsu;215024;China;N ASIA;815;555;49;0
Far Eastern Apparel (Vietnam) Limited;FINISHED GOODS;Apparel;Nike;Collegiate;FAR EASTERN;No 46 Dai Lo Tu Do Vietnam Singapore Industrial Park;Thuan An;Bình Duong;75000;Vietnam;SE ASIA;3879;2902;65;0
Sabrina Cambodia Garment Manufacturing;FINISHED GOODS;Apparel;Nike;Collegiate;SABRINA;National Rd;Samrong Torng District;Otdar Mean Chey;13256;Cambodia;SE ASIA;5887;4211;93;0
Asena 4;FINISHED GOODS;Apparel;Nike;Collegiate;YESIM;LENIN STREET  243a;KONGAZ,COMRAT;Gagauzia-- Unitate;3815;Moldova;EMEA;670;537;97;0
Interloop Limited Apparel Park;FINISHED GOODS;Equipment;Nike;;INTERLOOP;Bypass Khurrianwala;Faisalabad;Punjab;37630;Pakistan;S ASIA;2273;1945;11;0
Guangzhou Yisetong Clothing Co.Ltd;FINISHED GOODS;Apparel;Nike;;GUANGZHOU YISETONG;Jinshan Industrial Park 8 building 4F;Guangzhou;Guangdong;511400;China;N ASIA;5;4;3;0
Textil H.J.Hering Ltda;FINISHED GOODS;Apparel;Nike;;TEXTIL H.J. HERING;Rua Rio de Janeiro 965  Bairro dos Estados;Indaial;Santa Catarina;89086-723;Brazil;AMERICAS;305;287;79;0
EVEREST TEXTILES THAILAND-V;MATERIALS;Apparel;Nike;;EVEREST TEXTILE;49 Moo 1 Taladnadwatsoifa Road;Banpong;Ratchaburi;70110;Thailand;SE ASIA;488;275;36;22
WUXI BROTHERS PACKAGING CO., LTD ;FINISHED GOODS;Equipment;Nike;;WUXI BROTHERS PACKAGING CO., LTD;No 88;Wuxi;Jiangsu;214199;China;N ASIA;15;9;57;0
Fairway Enterprises Company Ltd (India Branch) - Unit 1;FINISHED GOODS;Footwear;Nike;;FENG TAY;Plot no G 1B SIPCOT Industrial Park;KRISHNAGIRI;Tamil Nadu;635304;India;S ASIA;4202;4176;54;0
JUNMAY LABEL (TAIWAN);MATERIALS;Footwear;Nike;;JUNMAY LABEL;486 Sec 3 Zhongshan Rd Guiren Dist;Tainan;Tainan;71152;Taiwan;N ASIA;76;36;0;28
Vertical Knits S.A. de C.V. (MDC - Tizimin);FINISHED GOODS;Apparel;Nike;;VERTICAL KNITS;tablaje catastral 2669 SN CP 97702;Tizimin;Yucatán;97702;Mexico;AMERICAS;952;731;43;0
Vertical Knits S.A. de C.V. (MDC - Campeche);FINISHED GOODS;Apparel;Nike;Collegiate;VERTICAL KNITS;Avenida Baja Velocidad No 108;Colonial Campeche;Campeche;24087;Mexico;AMERICAS;468;372;79;0
YICHANE CO.LTD;FINISHED GOODS;Equipment;Nike;;YICHANE;NO34 LANE 172 CHENGSI ST;Tainan;Tainan;709;Taiwan;N ASIA;27;14;11;0
KURARAY CO LTD (CLARINO) (TR1) (JAPAN);MATERIALS;Footwear;Nike;;KURARAY;1 2 1  Kaigan dori  Minami ku;Osaka;Ôsaka;7028601;Japan;N ASIA;1700;1400;40;0
VIET NAM ARGENT OPTICAL LIMITED COMPANY;FINISHED GOODS;Equipment;Nike;;VIET NAM ARGENT OPTICAL;Lot CN6 Ba Thien Industrial Park Ba Hien Town;Binh Xuyen;Vinh Phúc;15800;Vietnam;SE ASIA;121;90;0;0
Zentrix Huamantla;FINISHED GOODS;Apparel;Nike;;ZENTRIX;Calle Virgen de la Caridad 1;Huamantla;Tlaxcala;90500;Mexico;AMERICAS;1327;1134;67;0
PT DAH JU INDONESIA;MATERIALS;Footwear;Nike;;DAH SHENG CHEMICAL;Dusun Karangturi RT003 RW004 ;Kabupaten Cirebon;Jawa Barat;45191;Indonesia;S ASIA;181;113;0;0
TKG TAEKWANG INDUSTRY CO., LTD.;FINISHED GOODS;Footwear;Nike;;TAEKWANG;258 9 AN DONG;GIMHAE;Gyeongsangnamdo;62120;South Korea;N ASIA;896;310;63;0
Far Eastern New Apparel (Vietnam) Ltd (MDC);FINISHED GOODS;Apparel;Nike;Collegiate;FAR EASTERN;D1 Street, Bac Dong Phu Industrial Park;Binh Phuoc;Bình Phuc;83000;Vietnam;SE ASIA;3379;2431;78;0
Thai Sock Co., Ltd.;FINISHED GOODS;Equipment;Nike;Collegiate;THAI SOCKS;29 1 Moo 4;Prapradaeng;Samut Prakan;10130;Thailand;SE ASIA;360;279;75;0
Marbelys;FINISHED GOODS;Apparel;Nike;;MARBELYS;4ta Calle Final 4 00 zona 2;San Pedro Sacatepequez;Guatemala;01058;Guatemala;AMERICAS;134;128;56;0
Fanatics Licensed Sports Group, LLC. - Hoover;FINISHED GOODS;Apparel;Nike;Collegiate;FANATICS;6290 Hoover Blvd;Tampa;Florida;33364;USA;AMERICAS;430;400;0;0
PPSEC COMPANY LIMITED;FINISHED GOODS - COMPONENTS;Apparel;Nike;;SEC ACCESSORIES;Phnom Penh Special Economic Zone;Phnom Penh;Phnom Penh;120907;Cambodia;SE ASIA;592;509;6;3
FASHION GARMENTS MEKONG CO., LTD;FINISHED GOODS;Apparel;Nike;;FASHION GARMENTS;818B Highway 30 Hamlet 3 An Hoa Commune;Tam Nong;Ðng Tháp;870000;Vietnam;SE ASIA;1852;1702;66;0
PROMAX TEXTILE (VIETNAM) CO. LTD;MATERIALS;Apparel;Nike;;PROMAX TEXTILE;NO 33 6TH ROAD FORMOSA ZONE;Dong Nai;Ðng Nai;76000;Vietnam;SE ASIA;878;802;20;3
Hi-Tech Savannakhet Apparel Sole Company Limited;FINISHED GOODS;Apparel;Nike;;HI TECH;Lot 241 242 245 246;Phomvihane;Savannakhét;13000;Laos;SE ASIA;276;204;0;7
Hi-Tech Chaiyaphum Apparel (2020) Co.,Ltd.;FINISHED GOODS;Apparel;Nike;;HI TECH;9 Moo 11 Tambol Naseiw;Muang;Chaiyaphum;36000;Thailand;SE ASIA;1007;739;57;45
ECI ELASTIC CO LTD;FINISHED GOODS - COMPONENTS;Apparel;Nike;Collegiate;ECI;No 13 15 Shin Yeh Rd;Changhua;Changhua;506;Taiwan;N ASIA;220;152;60;35
YRC TEXTILE;MATERIALS;Apparel;Nike;;YRC TEXTILE;134 Moo 6 Sathakit 1 St Road;Kratoomband;Samut Sakhon;74130;Thailand;SE ASIA;2686;2411;56;13
Viet Hong Garment Export Co., Ltd.;FINISHED GOODS;Apparel;Nike;Collegiate;SOUTH ISLAND;425B Nguyen Dinh Chieu St W 8;Ben Tre;Bn Tre;150513490;Vietnam;SE ASIA;1421;1286;68;0
SIMONA TANNING (ZHONGSHAN) CO. LIMITED;MATERIALS;Footwear;Nike;;SIMONA TANNING;Fu Ze 2nd Street Fu Ze Road;Zhongshan;Guangdong;528445;China;N ASIA;231;130;0;1
VIETNAM JINTAI TEXTILE TECHNOLOGY COMPANY LIMITED;MATERIALS;Apparel;Nike;;JOV GARMENT ACCESSORIAL MATERIAL;LOT TMDV1  UYEN HUNG COMMERCIAL SERVICE AND RESIDENTIAL AREA QUARTER 7;Tan Uyen;Bình Duong;75406;Vietnam;SE ASIA;58;46;0;4
Suzhou Blue Seagull Fashion Co., Ltd;FINISHED GOODS;Equipment;Nike;;SUZHOU BLUE SEAGULL FASHION;Liantang Industrial Concentration Zone Eastern District;Changshu;Jiangsu;215551;China;N ASIA;48;38;30;0
Longway Vietnam Company Limited;FINISHED GOODS;Equipment;Nike;;LONGWAY;Lot HC1 and Lot 01HC2 Route 3;Duc Hoa;Long An;863900;Vietnam;SE ASIA;806;665;76;1
SADESA THAILAND (KABINBURI);MATERIALS;Footwear;Nike;;SADESA;139 2 MOO 5 SUWANASSORN ROAD TAMBON NONSRI;Kabinburi;Prachin Buri;25110;Thailand;SE ASIA;735;577;32;0
MARVEL GARMENT CO.,LTD.;FINISHED GOODS;Apparel;Nike;;SHENZHOU;PPSEZ Beung Thom 3 village;Phnom Penh;Phnom Penh;120909;Cambodia;SE ASIA;18998;17442;88;2
Asia Caps (Thailand) Co., Ltd.;FINISHED GOODS;Apparel;Nike;;ASIA CAPS;6Anamai Ngamcharoen Road Thakam Bangkhunthien;Bangkok;Bangkok;10150;Thailand;SE ASIA;178;133;0;100
SAN FANG (TR1) (INDONESIA);MATERIALS;Footwear;Nike;;SAN FANG;JL MODERN INDUSTRI IV NO 10 12 16 18;Serang , Banten;Banten;42185;Indonesia;S ASIA;487;396;20;5
Ramatex Textiles Industrial Sdn Bhd;MATERIALS;Apparel;Nike;;RAMATEX;PLO 230 Sri Gading Industrial Estate;Johor;Johor;83000;Malaysia;S ASIA;3678;3301;15;71
VIMAL CLOTHING ENTERPRISE CC;FINISHED GOODS;Apparel;Nike;;VIMAL CLOTHING;4 Fairways Avenue;Durban;Kwazulu-Natal;4300;South Africa;EMEA;203;195;90;0
framas Korea;FINISHED GOODS - COMPONENTS;Footwear;Nike;;FRAMAS;1426 Nakdong Street;Busan;Busan Gwangyeogsi;46904;South Korea;N ASIA;32;11;10;0
TKG TAEKWANG CAN THO COMPANY LIMITED;FINISHED GOODS;Footwear;Nike;;TAEKWANG;Hung Phu 2B Industrial Park Phu Thu ward;Cai Rang;Can Tho;900000;Vietnam;SE ASIA;14672;14277;64;0
GILDAN HOSIERY RIO NANCE S de R.L.;FINISHED GOODS;Equipment;Nike;;GILDAN;ZOLI Gildan Honduras Properties Kilometro 15 and 5 ;Choloma;Cortés;21112;Honduras;AMERICAS;2247;2175;21;0
DONGJIN (Indonesia);MATERIALS;Footwear;Nike;;DONGJIN;Artha Industrial Hill;Karawang;Jawa Barat;41361;Indonesia;S ASIA;463;357;14;0
QUANG VIET ENTERPRISE CO., LTD;FINISHED GOODS;Apparel;Nike;;QUANG VIET;NGUYEN VAN NI STREET  HAMLET  2;HO CHI MINH;Ho Chi Minh;70000;Vietnam;SE ASIA;4745;4278;88;0
PROMAX TEXTILE (VIETNAM) CO. LTD.  (FTY 2);MATERIALS;Apparel;Nike;;PROMAX TEXTILE;Street No 5;Nhon Trach district;Ðng Nai;810000;Vietnam;SE ASIA;360;320;0;0
Lotus Footwear Enterprises Limited Unit-2;FINISHED GOODS;Footwear;Nike;;FENG TAY;Plot 3C SIPCOT Industrial Park Mangal Village Mathur post;Near Kanchipuram;Tamil Nadu;631701;India;S ASIA;4969;4940;63;0
Diamant srl #2;FINISHED GOODS;Footwear;Nike;;DIAMANT;Via Giorgio Perlasca 6B;MONTEBELLUNA;Veneto;31044;Italy;EMEA;58;50;81;4
PAIHO (DONGGUAN 3);MATERIALS;Footwear;Nike;;PAIHO GROUP;HUANBAO INDUSTRY DISTRICT;DONGGUAN;Guangdong;523998;China;N ASIA;1800;950;55;0
Ripon Athletic;FINISHED GOODS;Apparel;Nike;;RIPON;290 Junction St, P.O. BOX 25;Berlin;Wisconsin;54923;USA;AMERICAS;140;120;95;0
ShaoYang LianTai SQ HanShou Upper Facility;FINISHED GOODS - COMPONENTS;Footwear;Nike;Collegiate;STELLA;Hanshou Industrial Park, Taizimiao Town, HanShou County;Chande City;Hunan;415907;China;N ASIA;1070;1003;99;0
FAR EASTERN POLYTEX (VIETNAM) LTD;MATERIALS;Apparel;Nike;Collegiate;FAR EASTERN;Land Lot B 5B CN Road DC Bau Bang Lai Uyen town;Bau Bang District;Bình Duong;75000;Vietnam;SE ASIA;1101;476;31;0
PT Mitra Garindo Perkasa;FINISHED GOODS;Apparel;Nike;;MAP;JL Pancasila V 21 Cicadas Gunung Putri Bogor;Bogor;Jawa Barat;16964;Indonesia;S ASIA;1089;935;86;0
DOG STYLE SA DE CV;FINISHED GOODS;Equipment;Nike;;DOG STYLE SA;CARRETERA LEON LAGOS DE MORENO NO 2237;LEON GTO;Guanajuato;37690;Mexico;AMERICAS;173;147;70;0
NICE APPAREL COMPANY LIMITED;FINISHED GOODS;Apparel;Nike;Collegiate;NICE APPAREL;2 7 8 slash 1 slash 3 Soi Ngamwongwan 25 slash19;MUANG DISTRICT;Nonthaburi;11000;Thailand;SE ASIA;1144;738;71;46
Hi-Tech Chai1 Co.,Ltd. ;FINISHED GOODS;Apparel;Nike;Collegiate;HI TECH;999 Moo 3  Tumbol Ladyai   Amphur Muang;Muang;Chaiyaphum;36000;Thailand;SE ASIA;1092;973;59;22
LI CHENG ENTERPRISE CO.,LTD;FINISHED GOODS - COMPONENTS;Footwear;Nike;;LI CHENG ENTERPRISE;NO 5 DOU KUNG 12 ROAD DOU LIU CITY;Yun-Lin Hsien;Yunlin;64645;Taiwan;N ASIA;360;211;44;36
HI-TECH SURIN APPAREL (2020) CO., LTD (00001);FINISHED GOODS;Apparel;Nike;;HI TECH;489 Moo 7;Thatoom;Surin;32120;Thailand;SE ASIA;778;695;66;0
Quanzhou Unison Light Industrial Manufacturing Co. Ltd.;FINISHED GOODS;Apparel;Nike;;QUANZHOU UNISON LIGHT INDUSTRIAL;ROOM28 YANGSHI STREET JINLONG YUXIA PARK;Quanzhou;Fujian;362000;China;N ASIA;82;62;65;0
EISHIN CO., LTD.;FINISHED GOODS;Equipment;Nike;;CROSTER;43 1;Fukushima;Hukusima;969-0101;Japan;N ASIA;83;75;66;0
PETTENATI;FINISHED GOODS;Apparel;Nike;;PETTENATI;Rod RSC 453 Km 2 4;Caxias Do Sul;Rio Grande do Sul;95010;Brazil;AMERICAS;667;561;88;6
ANIGER CALCADOS SUPRIMENTOS E EMPREENDIMENTOS LTDA;FINISHED GOODS;Footwear;Nike;;ANIGER;Rua Armindo Eltz, 51 - Quatro Colonias;Campo Bom RS;Rio Grande do Sul;93700-000;Brazil;AMERICAS;441;64;48;3
EverTech Plastic Vietnam Company LTD Branch;FINISHED GOODS - COMPONENTS;Footwear;Nike;;EVER TECH;Phuoc Hai Quarter Thai Hoa Town;Tan Uyen City;Bình Duong;75416;Vietnam;SE ASIA;650;591;43;1
Ad Dulyal;FINISHED GOODS;Apparel;Nike;;MAS HOLDINGS;Part of land no 1075 Basin 5 Ad Dulayl;Zarqa;Az Zarqa;11183;Jordan;EMEA;1208;1048;87;86
DUCKSAN ;FINISHED GOODS - COMPONENTS;Footwear;Nike;;DUCKSAN;76 Opoanro Opoeup;Gyeonggi-do;Gyeonggido;12774;South Korea;N ASIA;29;24;45;8
SUNNY JET HOSIERY CO., LIMITED;FINISHED GOODS;Apparel;Nike;;SUNNY JET;NO 9 LONGQUAN ROAD GUANGLING INDUSTRY ZONE;YANGZHOU;Jiangsu;225003;China;N ASIA;263;182;85;0
Dongguan leefong label manufacture co ltd.;FINISHED GOODS;Apparel;Nike;;LEE BOU LABEL ENTERPRISE;NO 9 WUSONG ROAD YUWU COMMUNITY;DONGGUAN;Guangdong;523117;China;N ASIA;475;406;63;0
AHP APPAREL PVT LTD., UNIT 60;FINISHED GOODS;Apparel;Nike;Collegiate;SHAHI;207 ABDE F KIADB INDUSTRIAL AREA;HASSAN;Karnataka;573201;India;S ASIA;2704;906;75;0
framas Korea Vina Co., Ltd;FINISHED GOODS - COMPONENTS;Footwear;Nike;;FRAMAS;Workshop 1 to 5 Longthanh IP Longthanh District;Dong Nai;Ðng Nai;815300;Vietnam;SE ASIA;977;679;41;0
TONG HONG TANNERY CO LTD (VIETNAM);MATERIALS;Footwear;Nike;;TONG HONG;LOT NO II1 MY XUAN A2 INDUS MY XUAN WARD PHU MY CITY BRVT;PHU MY;Bà Ra - Vung Tàu;795638;Vietnam;SE ASIA;1310;1210;40;2
GOLD LONG JOHN (VIETNAM);FINISHED GOODS - COMPONENTS;Footwear;Nike;;GOLD LONG JOHN;LOT NO 7 ROAD 5A NHON TRACH 2 INDUSTRIAL ZONE;Dong Nai;Ðng Nai;815956;Vietnam;SE ASIA;510;315;33;0
VIRTUE KING VIETNAM COMPANY LIMITED;FINISHED GOODS;Equipment;Nike;Collegiate;GUANG DER;No 28 DT743 Road Song Than 2 Industrial Zone;Binh Duong;Bình Duong;72000;Vietnam;SE ASIA;1948;1874;71;0
DASS NORDESTE CALCADOS E ARTIGOS ESPORTIVOS LTDA.;FINISHED GOODS;Apparel;Nike;;CLASSICO;Av Juracy Magalhaes 5200;Vitoria da Conquista;Bahia;45023-490;Brazil;AMERICAS;2415;1480;70;0
FORMOSA TAFFETA (CHANGSHU) CO., LTD;MATERIALS;Apparel;Nike;;FORMOSA TAFFETA;No.15 Peng-Hu RD.;Changshu;Jiangsu;215500;China;N ASIA;234;128;28;0
Nice Apparel Company Limited Branch Chumphae;FINISHED GOODS;Apparel;Nike;Collegiate;NICE APPAREL;219 Moo 2 Maliwan Road T Non Udom;Chumpae;Khon Kaen;40130;Thailand;SE ASIA;3328;3242;72;0
Vietnam ECI Elastic Co., Ltd;MATERIALS;Apparel;Nike;;ECI;Avenue D1 2 1;Binh Duong Ward;Ho Chi Minh;820000;Vietnam;SE ASIA;292;258;50;0
Shoetown JinTan;FINISHED GOODS;Footwear;Nike;Collegiate;SHOETOWN;Da Wan Gang Village;Qingyuan City;Guangdong;511515;China;N ASIA;874;801;91;0
DAEWON CHEMICAL VINA CO., LTD.;MATERIALS;Footwear;Nike;;DAEWON;ROAD NO 5 LONG THANH IZ AN PHUOC COMMUNE DONG NAI;LONG THANH;Ðng Nai;810000;Vietnam;SE ASIA;374;192;4;0
YKK Taiwan Chung Li 3rd Factory;MATERIALS;Footwear;Nike;;YKK;No 28 Heding Rd;Taoyuan;Taoyuan;32061;Taiwan;N ASIA;154;139;1;10
QINGDAO HONGTAISHENGDA TRADE CO., LTD.;FINISHED GOODS - COMPONENTS;Footwear;Nike;;QINGDAO HONGTAISHENGDA TRADE CO., LTD.;No 41 BeiJing Xi Road;Qingdao;Shandong;266300;China;N ASIA;60;48;90;0
PT Trigoldenstar Wisesa;FINISHED GOODS;Apparel;Nike;;TRIGOLDENSTAR;Jl Rumambe Desa Anggadita Kec Klari;Karawang;Jawa Barat;41371;Indonesia;S ASIA;132;106;80;0
Vietnam Dona Standard Footwear Co., Ltd;FINISHED GOODS;Footwear;Nike;;FENG TAY;Xuan Loc Industrial Zone;Xuan Loc District;Ðng Nai;76000;Vietnam;SE ASIA;19155;16962;66;0
